training_sample_size,sampling_seed,random_repeat,random_seed,exact_probability_raising_count,mean_exact_probability_difference,mean_exact_candidate_reachability
500,42.0,1,504542,7,0.01640011167863648,0.33537287575684466
500,42.0,2,504543,8,0.0012008326149654837,0.22726047000889604
500,42.0,3,504544,7,0.017266062467067123,0.27374064206611454
500,42.0,4,504545,9,0.02507321888281558,0.3070127331694373
500,42.0,5,504546,10,0.022412760875696873,0.32803715004173006
500,42.0,6,504547,7,0.0018261660537518293,0.3816657751286622
500,42.0,7,504548,10,0.04220173040249979,0.26200435806138234
500,42.0,8,504549,12,0.029739725937048593,0.23105894361282955
500,42.0,9,504550,7,0.012023404614400948,0.27620007612318787
500,42.0,10,504551,8,0.011773778804436273,0.27925200253637306
500,42.0,11,504552,10,0.016958654334831746,0.3524688995831749
500,42.0,12,504553,13,0.03851960269374033,0.18392435663550932
500,42.0,13,504554,10,0.013937958422014207,0.27350432192645835
500,42.0,14,504555,9,0.025785984946846092,0.20403997237959656
500,42.0,15,504556,10,0.017038626179551146,0.20617788406117646
500,42.0,16,504557,6,-0.0045608094045829295,0.4230463578515783
500,42.0,17,504558,10,0.019755726378412376,0.20552000448032262
500,42.0,18,504559,12,0.02944573337562505,0.19637661920652555
500,42.0,19,504560,7,0.008486198538343861,0.21116769077586378
500,42.0,20,504561,10,0.02338223854086145,0.16543575085273318
500,42.0,21,504562,9,0.012487441795300367,0.29064644741927786
500,42.0,22,504563,7,0.006191319982551048,0.3715485069640308
500,42.0,23,504564,12,0.039192687164828696,0.244362500908316
500,42.0,24,504565,10,0.025537592777867584,0.2771291138932491
500,42.0,25,504566,7,0.013271619781614858,0.2644425316419037
500,42.0,26,504567,7,0.007456523263797416,0.3574513214365078
500,42.0,27,504568,9,0.023452376639729537,0.3646385365778792
500,42.0,28,504569,8,0.018372856199009063,0.23345256194232147
500,42.0,29,504570,11,0.03603537830844354,0.316733801718721
500,42.0,30,504571,8,0.01639964406337332,0.3095948310877311
500,42.0,31,504572,9,0.013133814461067466,0.3577942516535081
500,42.0,32,504573,6,0.007720083011298713,0.3214267137123335
500,42.0,33,504574,7,0.020074605427881014,0.2414338074326304
500,42.0,34,504575,12,0.032658336268002824,0.30399362790154727
500,42.0,35,504576,9,0.017249503843908838,0.24729443793298483
500,42.0,36,504577,9,0.017858950259565458,0.27698265875420636
500,42.0,37,504578,7,0.0008852320078954543,0.4211106663753822
500,42.0,38,504579,8,0.011504317187704307,0.3026811960145766
500,42.0,39,504580,9,0.01005937034756749,0.24558030556395619
500,42.0,40,504581,14,0.03508202119017663,0.13868667149502864
500,42.0,41,504582,11,0.027400633580232214,0.2649259348165702
500,42.0,42,504583,9,0.01308037395909597,0.36567359183595755
500,42.0,43,504584,7,0.013842639790722724,0.3112207950855423
500,42.0,44,504585,10,0.024390805191476735,0.2555603081621461
500,42.0,45,504586,7,0.02521569104888214,0.26933626340288574
500,42.0,46,504587,8,0.022549517264357763,0.3388192150366499
500,42.0,47,504588,13,0.03577754661676574,0.1846390787245239
500,42.0,48,504589,8,0.018687779899523395,0.32839434480418644
500,42.0,49,504590,8,0.013882836200409568,0.298303747227403
500,42.0,50,504591,10,0.024092526182811137,0.2263766463177847
500,42.0,51,504592,9,0.024107798614692328,0.27510080292003114
500,42.0,52,504593,9,0.023355865837520206,0.21683560995056966
500,42.0,53,504594,9,0.0039269920125977005,0.3917148139290843
500,42.0,54,504595,7,0.01421851349762104,0.34365284305706734
500,42.0,55,504596,5,0.0027314527482369044,0.32533979362839427
500,42.0,56,504597,7,0.005084693939785149,0.24050754498870708
500,42.0,57,504598,9,0.027867248769862407,0.20640114556693895
500,42.0,58,504599,13,0.035569417440998286,0.22027133437431368
500,42.0,59,504600,8,0.0031559219825898683,0.2820904421364544
500,42.0,60,504601,6,0.010848002807703969,0.3764810524477909
500,42.0,61,504602,6,-0.0037596586185649206,0.36213155366196176
500,42.0,62,504603,11,0.038398397562089154,0.21551581518205612
500,42.0,63,504604,6,0.010648526191754585,0.3844122487693196
500,42.0,64,504605,10,0.024856676855617495,0.2505811368346532
500,42.0,65,504606,13,0.04085532631442414,0.21111558559464333
500,42.0,66,504607,6,0.005933372646845089,0.2765423817942445
500,42.0,67,504608,6,0.005810974950057664,0.5037095543843131
500,42.0,68,504609,7,0.020409020314857577,0.23549834171793838
500,42.0,69,504610,7,0.00545824447249612,0.3759657289629153
500,42.0,70,504611,11,0.020416270040673434,0.20438343519922592
500,42.0,71,504612,6,0.014691782648465703,0.2390319369758947
500,42.0,72,504613,11,0.032032037457635026,0.23125346068670244
500,42.0,73,504614,8,0.015067567806929036,0.37994430201108653
500,42.0,74,504615,11,0.034433527492641336,0.27925528662822474
500,42.0,75,504616,7,0.009599863396777484,0.35116678581554084
500,42.0,76,504617,11,0.026365825867201605,0.2538337320838979
500,42.0,77,504618,7,0.02251711006294947,0.2976904976892114
500,42.0,78,504619,9,0.031721815185992305,0.18593750958334526
500,42.0,79,504620,9,0.01777853581622651,0.2990269064754628
500,42.0,80,504621,12,0.032696527815473074,0.21186833956444198
500,42.0,81,504622,8,0.01979175855960297,0.27775624685807027
500,42.0,82,504623,13,0.03784504946866087,0.18179779553891925
500,42.0,83,504624,8,0.018009229366214723,0.3394208920126727
500,42.0,84,504625,7,0.029003841713548494,0.37583865824399215
500,42.0,85,504626,9,0.0160299834864071,0.24078273781193058
500,42.0,86,504627,5,0.004258364074180855,0.3473214598174233
500,42.0,87,504628,8,0.01647971193159702,0.2903037025340428
500,42.0,88,504629,8,0.016226773787493407,0.2750235843209284
500,42.0,89,504630,7,0.003679681671426385,0.3072973663327293
500,42.0,90,504631,9,0.022441933000120123,0.3090486194286703
500,42.0,91,504632,7,0.014117664344139413,0.35414176319799295
500,42.0,92,504633,5,0.008784111586970452,0.3389591437413065
500,42.0,93,504634,10,0.033683061278678185,0.1817314840917443
500,42.0,94,504635,8,-0.0013092245899507609,0.37213902312440933
500,42.0,95,504636,11,0.0271914619683525,0.195271338736142
500,42.0,96,504637,8,0.00845184485294313,0.2382762315519221
500,42.0,97,504638,11,0.03438398724067906,0.287321563878319
500,42.0,98,504639,8,0.004797393927939305,0.2712923570404456
500,42.0,99,504640,9,0.02045156165431781,0.2770426901148671
500,42.0,100,504641,4,-0.00464698858918497,0.32346000618852355
500,123.0,1,504623,8,0.004442267517479374,0.20548392690544864
500,123.0,2,504624,10,0.029232469274905554,0.15771231824743706
500,123.0,3,504625,7,0.006526316228961311,0.35465856461300627
500,123.0,4,504626,11,0.019788904952944157,0.2339118455860604
500,123.0,5,504627,7,0.008980680191819764,0.25218779576990613
500,123.0,6,504628,8,0.028380062598987777,0.3039107057686283
500,123.0,7,504629,12,0.04037855778175459,0.18240839743013532
500,123.0,8,504630,9,0.01792796858729476,0.26619009178981323
500,123.0,9,504631,11,0.024191196487744086,0.22957832637229006
500,123.0,10,504632,11,0.014324399513144539,0.2870517865198806
500,123.0,11,504633,9,0.025242904819971095,0.18160949344111282
500,123.0,12,504634,11,0.02948484816750948,0.17581505452363344
500,123.0,13,504635,15,0.035132083517343766,0.17731782658978404
500,123.0,14,504636,11,0.022853657489398386,0.1959226070965643
500,123.0,15,504637,14,0.03283142270563133,0.19909614500595682
500,123.0,16,504638,12,0.03336104782515479,0.22437223643133808
500,123.0,17,504639,7,0.01696441155016869,0.2340578934062693
500,123.0,18,504640,12,0.04027415837830729,0.28427373540917744
500,123.0,19,504641,9,0.013567004147004472,0.24347192276359464
500,123.0,20,504642,9,0.024387500436599988,0.25644692423980653
500,123.0,21,504643,10,0.031265306285549965,0.2983415843002165
500,123.0,22,504644,11,0.03327305941471759,0.2666822156244882
500,123.0,23,504645,8,0.01183482867922869,0.30419580792646833
500,123.0,24,504646,9,0.017348303022893717,0.3444896077678081
500,123.0,25,504647,12,0.026358208538625215,0.1981541668040365
500,123.0,26,504648,7,0.023599415653589226,0.30182611263981146
500,123.0,27,504649,10,0.030391710535523843,0.2153869638090195
500,123.0,28,504650,9,0.017942088822135573,0.28952218210328495
500,123.0,29,504651,8,0.02062209990525632,0.3148856346176395
500,123.0,30,504652,12,0.03341515010156908,0.24868545671987236
500,123.0,31,504653,14,0.03489021753364836,0.16191542882731624
500,123.0,32,504654,11,0.02218260673351357,0.25847111680080237
500,123.0,33,504655,9,0.01901687979800117,0.2311635735800695
500,123.0,34,504656,10,0.02531656402553658,0.29351776612474423
500,123.0,35,504657,9,0.024645768174409045,0.37449513201002643
500,123.0,36,504658,12,0.029299705022332277,0.29321743624473
500,123.0,37,504659,11,0.02737801193527318,0.20501105854340337
500,123.0,38,504660,10,0.022217981385676197,0.3005119553153347
500,123.0,39,504661,10,0.018716171461979205,0.23107623583285317
500,123.0,40,504662,11,0.02626777427628117,0.2693493108714221
500,123.0,41,504663,8,0.01796484150603124,0.3378596785930622
500,123.0,42,504664,10,0.024611426645167255,0.31208892083334827
500,123.0,43,504665,10,0.015488984976787624,0.29855866833738265
500,123.0,44,504666,9,0.007305846340252059,0.30738013567787353
500,123.0,45,504667,14,0.03825988366848538,0.17730243504899676
500,123.0,46,504668,7,0.014457000602264698,0.3055366348574759
500,123.0,47,504669,9,0.024716039240273623,0.31282129759170063
500,123.0,48,504670,9,0.027656049263172368,0.29679280446548906
500,123.0,49,504671,9,0.017790741942830254,0.2936868762918704
500,123.0,50,504672,11,0.024304545232605685,0.2544748231762167
500,123.0,51,504673,9,0.02265192152546547,0.2929235270063665
500,123.0,52,504674,11,0.032214215753243756,0.1561896658334671
500,123.0,53,504675,12,0.034945462765553464,0.21638050055489502
500,123.0,54,504676,7,0.017902748908126622,0.23565298936131618
500,123.0,55,504677,8,0.024935177839017848,0.2643123544159321
500,123.0,56,504678,10,0.03376184181104323,0.30141979594333257
500,123.0,57,504679,8,0.014262505829467503,0.3276667147477521
500,123.0,58,504680,12,0.030423308513520618,0.28621182531156114
500,123.0,59,504681,11,0.018801848425014117,0.26586452024646157
500,123.0,60,504682,12,0.043859158183767344,0.1525158410250833
500,123.0,61,504683,6,0.01259152690622185,0.4067764044504532
500,123.0,62,504684,10,0.01430117410243743,0.19280371082032857
500,123.0,63,504685,12,0.03815322490683872,0.1962447048829447
500,123.0,64,504686,5,0.008537890350163712,0.39982238265296977
500,123.0,65,504687,10,0.027872210605249838,0.36722511170091626
500,123.0,66,504688,8,0.011029348817304918,0.32993419027265175
500,123.0,67,504689,11,0.01741187545301245,0.2919520224741695
500,123.0,68,504690,9,0.02414225852152248,0.24536830130605752
500,123.0,69,504691,11,0.01853886862444356,0.22476500722136938
500,123.0,70,504692,8,0.01698338832070647,0.3321687116679619
500,123.0,71,504693,9,0.015897378590882652,0.31256091290267657
500,123.0,72,504694,7,-0.00043088654430366996,0.3930627600649956
500,123.0,73,504695,10,0.032243322625362114,0.26011952166052366
500,123.0,74,504696,9,0.034136857125314224,0.28621717468411284
500,123.0,75,504697,10,0.036240596296177166,0.20738802648720683
500,123.0,76,504698,10,0.01661486307692834,0.23041267232973736
500,123.0,77,504699,7,0.006257102545397145,0.3841853118746341
500,123.0,78,504700,9,0.021268425223060324,0.3045644766487149
500,123.0,79,504701,9,0.017359247579763187,0.29285472648255423
500,123.0,80,504702,13,0.042283254715890686,0.11119220606607402
500,123.0,81,504703,12,0.03566296623209375,0.17042544533559373
500,123.0,82,504704,9,0.025464238813885244,0.23230359545776044
500,123.0,83,504705,6,0.010196227602198255,0.389226467518741
500,123.0,84,504706,11,0.020686641745125703,0.283774264813003
500,123.0,85,504707,10,0.026590868061795215,0.18329028868624747
500,123.0,86,504708,7,0.020731125299053556,0.3040899198062437
500,123.0,87,504709,13,0.03167301050178713,0.19798224788542923
500,123.0,88,504710,13,0.031008821845145834,0.262437074546074
500,123.0,89,504711,10,0.024292548917588076,0.24981803050428725
500,123.0,90,504712,12,0.026433697367241243,0.22678020896267365
500,123.0,91,504713,12,0.03739763380971195,0.25416785786775986
500,123.0,92,504714,9,0.013538309988576103,0.26833143016694994
500,123.0,93,504715,9,0.009571140061169587,0.35271982800214097
500,123.0,94,504716,11,0.008211085385003165,0.22514112012124868
500,123.0,95,504717,10,0.03246812301708185,0.19253360520165266
500,123.0,96,504718,11,0.025996139619948684,0.14049324156716775
500,123.0,97,504719,12,0.041671002538415075,0.19046276342792107
500,123.0,98,504720,9,0.022717180905035293,0.25308066382730704
500,123.0,99,504721,13,0.03352657456979598,0.13698652885465418
500,123.0,100,504722,10,0.019757214773375036,0.3087898423475185
500,456.0,1,504956,10,0.028814998985317357,0.29496632443505655
500,456.0,2,504957,11,0.02429127674598746,0.23070661107994656
500,456.0,3,504958,10,0.03222626099067427,0.2200653148901104
500,456.0,4,504959,10,0.014177540527783705,0.21846502402096757
500,456.0,5,504960,12,0.03240686351047343,0.22147121128346597
500,456.0,6,504961,8,0.007038793353263015,0.3660774068319416
500,456.0,7,504962,10,0.020813117332459448,0.24890024554379586
500,456.0,8,504963,11,0.016813129271452537,0.2576833949225049
500,456.0,9,504964,8,0.00871262508213513,0.3302811378239825
500,456.0,10,504965,12,0.01924084680834993,0.26745742730909866
500,456.0,11,504966,9,0.0221895575900954,0.3046620905133447
500,456.0,12,504967,9,0.013280382439640253,0.2273773383610632
500,456.0,13,504968,11,0.014722811338283686,0.21172944552640777
500,456.0,14,504969,12,0.0278196438177666,0.17807915501477586
500,456.0,15,504970,7,0.005289838338893249,0.2710321405395211
500,456.0,16,504971,9,0.02158535865410719,0.3004279183789909
500,456.0,17,504972,14,0.04293604920288202,0.1384611560350501
500,456.0,18,504973,11,0.021416552223191877,0.281934167291625
500,456.0,19,504974,13,0.049553857090373396,0.17265087391627035
500,456.0,20,504975,9,0.008724394337787024,0.3352991810989981
500,456.0,21,504976,8,0.03328040290375068,0.28758193981277796
500,456.0,22,504977,7,0.01500471051414647,0.31291491736998656
500,456.0,23,504978,11,0.03237981186740664,0.26325320285046905
500,456.0,24,504979,12,0.03469686886436507,0.2137136551245113
500,456.0,25,504980,11,0.0233720026926373,0.2251300184625483
500,456.0,26,504981,8,0.020047964443923094,0.43833997702094124
500,456.0,27,504982,11,0.03552369673259162,0.2558434025074743
500,456.0,28,504983,12,0.024400155010796436,0.18705790007224224
500,456.0,29,504984,13,0.043794338971994876,0.18783988973199028
500,456.0,30,504985,11,0.0330689524553929,0.2216099197810411
500,456.0,31,504986,13,0.03333880427562499,0.1784066349278723
500,456.0,32,504987,12,0.03466192131563597,0.23693872142743247
500,456.0,33,504988,14,0.03679882934580052,0.1441779927844667
500,456.0,34,504989,8,0.009516319149674813,0.30963593033282655
500,456.0,35,504990,8,0.01848234494921533,0.30365012896777455
500,456.0,36,504991,9,0.023436920302253146,0.1606974464529889
500,456.0,37,504992,9,0.017659118987298095,0.2507719777157499
500,456.0,38,504993,12,0.04016863359352592,0.14542492526940778
500,456.0,39,504994,9,0.02472552595128357,0.3011371375382141
500,456.0,40,504995,7,0.007583201058399961,0.3010756064331284
500,456.0,41,504996,8,0.02269098902366024,0.29633752183793655
500,456.0,42,504997,10,0.016193276848721967,0.3084613978454574
500,456.0,43,504998,7,0.0145471231154708,0.34564166418333897
500,456.0,44,504999,10,0.026967850385548615,0.2972165613352059
500,456.0,45,505000,12,0.041146513950463606,0.19559524029711106
500,456.0,46,505001,8,0.02773777244581674,0.3631466607931183
500,456.0,47,505002,9,0.004902349795818065,0.1764708158996341
500,456.0,48,505003,10,0.030991652021459877,0.2532834043658547
500,456.0,49,505004,12,0.026022123809042386,0.21667137186226437
500,456.0,50,505005,7,0.010745243790518375,0.3232605983044714
500,456.0,51,505006,13,0.0320525916847685,0.22370202663847688
500,456.0,52,505007,13,0.039849662742132225,0.21750423621975332
500,456.0,53,505008,12,0.02959405335563852,0.16329124133705059
500,456.0,54,505009,10,0.029765625387059173,0.22955194012149818
500,456.0,55,505010,13,0.027949213174915395,0.21148136778948237
500,456.0,56,505011,8,0.012033548158146674,0.2657437064428182
500,456.0,57,505012,6,0.021389329753604996,0.30759493416980815
500,456.0,58,505013,10,0.029237187756049693,0.22149520413974844
500,456.0,59,505014,13,0.04272229746144322,0.24994580509070427
500,456.0,60,505015,10,0.028553564708130134,0.13681670582346733
500,456.0,61,505016,9,0.016951757742365906,0.27347351021002414
500,456.0,62,505017,9,0.03165562589889306,0.22044774218219748
500,456.0,63,505018,5,0.01064598246062438,0.3966956383255604
500,456.0,64,505019,8,0.016049274876638743,0.30327998817447704
500,456.0,65,505020,10,0.03677436712647415,0.303305257098345
500,456.0,66,505021,11,0.04396085405779114,0.20887445959716655
500,456.0,67,505022,7,0.012448853098334824,0.330814455258549
500,456.0,68,505023,6,0.014229045749889525,0.3160436133463711
500,456.0,69,505024,9,0.03684586976869098,0.24621435402740457
500,456.0,70,505025,7,0.021411459779536474,0.3128228366222868
500,456.0,71,505026,11,0.03198555305732343,0.21358308944133833
500,456.0,72,505027,7,0.024326887767590556,0.3142810520004568
500,456.0,73,505028,9,0.020273725758942363,0.2387133006357
500,456.0,74,505029,9,0.01687156952883204,0.23813034330458258
500,456.0,75,505030,8,0.025389095364716154,0.2783123052706379
500,456.0,76,505031,9,0.017500072525691388,0.26086368097707774
500,456.0,77,505032,11,0.028800946363017315,0.2099968654931522
500,456.0,78,505033,11,0.031341164202518645,0.3400204935678906
500,456.0,79,505034,7,0.012042659638437866,0.230938910848176
500,456.0,80,505035,11,0.025312215511931597,0.2647457054084367
500,456.0,81,505036,10,0.023496137869765912,0.2589356612497701
500,456.0,82,505037,9,0.023213520881893053,0.33228720936144696
500,456.0,83,505038,10,0.017499133487389896,0.1713614702231439
500,456.0,84,505039,10,0.02189858293489886,0.34917678810600483
500,456.0,85,505040,9,0.012045055401632702,0.3073136605126657
500,456.0,86,505041,8,0.01188336720920925,0.2662057200880141
500,456.0,87,505042,6,0.0033421016809936977,0.39274225996196954
500,456.0,88,505043,11,0.01852579613802501,0.22936443615580346
500,456.0,89,505044,12,0.031815388499447296,0.21471517616196292
500,456.0,90,505045,11,0.036134029223335,0.22981917139989566
500,456.0,91,505046,11,0.028684051478458393,0.26398502310941
500,456.0,92,505047,8,0.016496493100080355,0.3047110509208219
500,456.0,93,505048,12,0.03851688723720646,0.19396954185266718
500,456.0,94,505049,12,0.025732806139400773,0.2640927851400127
500,456.0,95,505050,9,0.008535010568957838,0.3578878179256953
500,456.0,96,505051,8,0.025525110892747012,0.224021019284082
500,456.0,97,505052,12,0.04179681359499268,0.22002439861858822
500,456.0,98,505053,9,0.013999624725205027,0.3068365369472934
500,456.0,99,505054,9,0.027085907323341863,0.37127172302597955
500,456.0,100,505055,13,0.02490818838542479,0.21341501332147592
500,789.0,1,505289,13,0.033493349868078136,0.1542871175398964
500,789.0,2,505290,10,0.02815768128154132,0.24639537102369508
500,789.0,3,505291,9,0.020475201868087146,0.22862963249910012
500,789.0,4,505292,7,0.01038460324036503,0.30541289386564363
500,789.0,5,505293,10,0.014763701399058426,0.3453297875007073
500,789.0,6,505294,7,0.016216490388047008,0.24903664078023108
500,789.0,7,505295,11,0.03884860801329284,0.25869685121031144
500,789.0,8,505296,9,0.017329206223121233,0.30923854826582475
500,789.0,9,505297,8,0.026048568510776065,0.3184542185269257
500,789.0,10,505298,9,0.026299191768940654,0.2070653543665073
500,789.0,11,505299,6,0.018807665543847822,0.3134265993343758
500,789.0,12,505300,11,0.031063329215716928,0.3007141738954847
500,789.0,13,505301,11,0.0346761750014533,0.3583268867962363
500,789.0,14,505302,11,0.029891511002930655,0.245206477555294
500,789.0,15,505303,10,0.014015356426737546,0.18352665228081594
500,789.0,16,505304,6,-0.0029448414235014346,0.4769541182588852
500,789.0,17,505305,9,0.01553009124471717,0.24797284836299896
500,789.0,18,505306,11,0.016538872540975063,0.23990482467197113
500,789.0,19,505307,9,0.020554037190937357,0.30335097041635894
500,789.0,20,505308,13,0.04925800386602539,0.18270430144298627
500,789.0,21,505309,9,0.030229621933466472,0.2995427715700866
500,789.0,22,505310,12,0.03578068210587375,0.2378765220160906
500,789.0,23,505311,8,0.016425586295729374,0.32865504531307016
500,789.0,24,505312,14,0.052213489636891396,0.19576154720857392
500,789.0,25,505313,5,0.0035424235842505146,0.3900297551068429
500,789.0,26,505314,11,0.034469816770856324,0.2249493696397761
500,789.0,27,505315,12,0.04032566491792018,0.18944071711106328
500,789.0,28,505316,8,0.00818418844765307,0.2790587385120811
500,789.0,29,505317,9,0.030732350653620306,0.2673300873932586
500,789.0,30,505318,15,0.037798311388239796,0.15008692025880518
500,789.0,31,505319,10,0.02920464177648626,0.29785875429878117
500,789.0,32,505320,10,0.02739610669701868,0.3117237832187811
500,789.0,33,505321,10,0.03064078600607107,0.2756589183551115
500,789.0,34,505322,12,0.035021655840996244,0.26136048334437095
500,789.0,35,505323,11,0.025731523230556906,0.32851561770725424
500,789.0,36,505324,8,0.01465870840552555,0.3071621998070069
500,789.0,37,505325,9,0.012780627417386817,0.31170577163730256
500,789.0,38,505326,7,0.004177009568557055,0.38266229462063045
500,789.0,39,505327,9,0.028584082789901426,0.22876675482337322
500,789.0,40,505328,8,0.014942760604508035,0.2431145735807491
500,789.0,41,505329,9,0.02025051685254585,0.3434480139209034
500,789.0,42,505330,10,0.01572824502396068,0.267166736440463
500,789.0,43,505331,12,0.03521101876597095,0.23121493629325726
500,789.0,44,505332,10,0.008397622549321538,0.26762327958192267
500,789.0,45,505333,8,0.012887491975393944,0.2706244077846852
500,789.0,46,505334,11,0.02011660532911416,0.22384296323518899
500,789.0,47,505335,12,0.04384658208913496,0.2499588550292271
500,789.0,48,505336,8,0.01816090994511516,0.38424684711433116
500,789.0,49,505337,4,0.011031936853491324,0.38207797895975804
500,789.0,50,505338,13,0.038978820039684524,0.2254507662009395
500,789.0,51,505339,10,0.02233083400841302,0.3693469692256791
500,789.0,52,505340,12,0.031801569905355875,0.2135752835651712
500,789.0,53,505341,7,0.01936697235587203,0.30671961639019824
500,789.0,54,505342,10,0.01636612987341484,0.27660382485045204
500,789.0,55,505343,7,0.019954015106392373,0.21006224126905546
500,789.0,56,505344,11,0.0208142197103909,0.20965274795962152
500,789.0,57,505345,11,0.03355708257546428,0.15393113362522157
500,789.0,58,505346,6,0.019461550958003268,0.34227055265316386
500,789.0,59,505347,10,0.018507877124365513,0.4301453482006209
500,789.0,60,505348,10,0.018516932882562356,0.31625476604841124
500,789.0,61,505349,8,0.017955280263232825,0.23748695059570601
500,789.0,62,505350,13,0.03718369922233034,0.2779095388747989
500,789.0,63,505351,11,0.016934663167373933,0.307602806726006
500,789.0,64,505352,9,0.014733996296437332,0.29756655806404936
500,789.0,65,505353,10,0.02624410515982319,0.23583556456857874
500,789.0,66,505354,11,0.028218764329690164,0.2243155726856561
500,789.0,67,505355,8,0.03128141348865749,0.389393333695933
500,789.0,68,505356,8,0.014885936863613758,0.27626736509190464
500,789.0,69,505357,7,0.005415911157801129,0.37425371437069965
500,789.0,70,505358,13,0.03996073070551047,0.27023148582065637
500,789.0,71,505359,12,0.0149929822887338,0.2764690912486826
500,789.0,72,505360,12,0.03445109614687643,0.22108363660128738
500,789.0,73,505361,9,0.008334583022020446,0.27069173115674444
500,789.0,74,505362,10,0.02317512315149211,0.2998770735212382
500,789.0,75,505363,9,0.01736653788165041,0.31196001321417877
500,789.0,76,505364,10,0.011219816735168999,0.30092043961775083
500,789.0,77,505365,11,0.023151706847507694,0.21912301115486005
500,789.0,78,505366,11,0.01299385585934626,0.16935439430808386
500,789.0,79,505367,8,0.022053702976786223,0.23280372912103403
500,789.0,80,505368,7,0.004914530312907275,0.362524506283206
500,789.0,81,505369,10,0.020040756136914285,0.2703658965022512
500,789.0,82,505370,11,0.016501429096082914,0.3277360737700791
500,789.0,83,505371,9,0.013621882551379225,0.2602353255277201
500,789.0,84,505372,11,0.018366845650009424,0.30477362639144695
500,789.0,85,505373,8,0.0118198163323742,0.3061087833179767
500,789.0,86,505374,11,0.03044343363886819,0.25198181015817195
500,789.0,87,505375,11,0.027218574645677403,0.22276017914579244
500,789.0,88,505376,10,0.022846522767751176,0.3593875636503578
500,789.0,89,505377,12,0.02931300461808154,0.26584135185158747
500,789.0,90,505378,11,0.03534392080247495,0.22832483281998756
500,789.0,91,505379,10,0.022704408116721256,0.3400300551055354
500,789.0,92,505380,13,0.03647964483697648,0.2777933106278513
500,789.0,93,505381,9,0.01932663582819606,0.25450565056866076
500,789.0,94,505382,6,0.013461694600731516,0.4185340757181811
500,789.0,95,505383,12,0.03892264671004661,0.2044978512279414
500,789.0,96,505384,9,0.01355266367215909,0.3113302649932365
500,789.0,97,505385,11,0.032587874355960895,0.2883573266307115
500,789.0,98,505386,12,0.04427471806315535,0.34181770320218435
500,789.0,99,505387,11,0.02654131791154877,0.12731501350547117
500,789.0,100,505388,12,0.03533036851561068,0.18684338924895066
500,2026.0,1,506526,8,0.010516767595166652,0.3482916705616297
500,2026.0,2,506527,9,0.030254887022611966,0.2562053913905945
500,2026.0,3,506528,8,0.01650326678979401,0.31586225821181463
500,2026.0,4,506529,6,0.019459752131605165,0.40105186220280953
500,2026.0,5,506530,9,0.016330663034638725,0.23491814631955169
500,2026.0,6,506531,9,0.0153536620513284,0.37965223164762996
500,2026.0,7,506532,12,0.02849221578597503,0.17115908520800033
500,2026.0,8,506533,12,0.028596152174264738,0.24161883925670638
500,2026.0,9,506534,9,0.01939055462628596,0.342297444776238
500,2026.0,10,506535,9,0.023266778469363994,0.28649443579263795
500,2026.0,11,506536,10,0.028038046946898855,0.2414533645240474
500,2026.0,12,506537,5,0.00249045389212282,0.34936889411243555
500,2026.0,13,506538,7,0.010574674037270625,0.38200006130084
500,2026.0,14,506539,8,0.014528460546544681,0.2988867743474867
500,2026.0,15,506540,7,0.013344502805886418,0.3258235864311745
500,2026.0,16,506541,7,0.007816643491835988,0.32622265003246
500,2026.0,17,506542,13,0.04130621486486829,0.22998496537389607
500,2026.0,18,506543,8,0.02306514905003776,0.191066693472546
500,2026.0,19,506544,13,0.043386874811606704,0.1730812506061945
500,2026.0,20,506545,12,0.0345871952998101,0.2910991800897095
500,2026.0,21,506546,9,0.020870251913865812,0.1889892013104509
500,2026.0,22,506547,11,0.02321710969085621,0.23785357267027588
500,2026.0,23,506548,9,0.01922008047139383,0.32293586875264324
500,2026.0,24,506549,9,0.01746007261009607,0.24439901878517234
500,2026.0,25,506550,9,0.007101287535925466,0.2293865867953937
500,2026.0,26,506551,13,0.026855916930640843,0.2183562832714035
500,2026.0,27,506552,8,0.014033902309315513,0.3892543280886141
500,2026.0,28,506553,11,0.038019586801736,0.2948106608531703
500,2026.0,29,506554,8,0.010821031277156598,0.4301275716192697
500,2026.0,30,506555,13,0.027481835810937872,0.1989034883598364
500,2026.0,31,506556,8,0.0037121266125937505,0.25802596517041326
500,2026.0,32,506557,7,0.012799413235812745,0.2753113385796447
500,2026.0,33,506558,7,0.016966833371480895,0.26886506554476675
500,2026.0,34,506559,10,0.02562091913886355,0.2623980177671278
500,2026.0,35,506560,11,0.0305362862891209,0.22541993482460568
500,2026.0,36,506561,7,0.017263268963449627,0.26145699979690684
500,2026.0,37,506562,7,0.00580712072889882,0.30857402187259525
500,2026.0,38,506563,12,0.03081830050424552,0.1851135038142859
500,2026.0,39,506564,12,0.022064357567825852,0.2890684745960429
500,2026.0,40,506565,8,0.01688477898592871,0.30213862154277915
500,2026.0,41,506566,5,0.013112075228147243,0.37833616584326263
500,2026.0,42,506567,11,0.0386407069894925,0.2689129818683403
500,2026.0,43,506568,9,0.019177858353849525,0.25317781332160944
500,2026.0,44,506569,7,0.019015217030261704,0.2689747242837302
500,2026.0,45,506570,10,0.026135809139867176,0.218707473806189
500,2026.0,46,506571,12,0.02849594298803216,0.22158134103568128
500,2026.0,47,506572,7,0.007404380144033644,0.3019422656412527
500,2026.0,48,506573,8,0.016674771386171787,0.3094511157052428
500,2026.0,49,506574,10,0.027634397703480383,0.191238806538161
500,2026.0,50,506575,10,0.02289398654416031,0.3266333643867854
500,2026.0,51,506576,8,0.027922963294701408,0.37612265234703285
500,2026.0,52,506577,9,0.021381838131462542,0.2705065134169402
500,2026.0,53,506578,9,0.021410110474697774,0.3144086252762631
500,2026.0,54,506579,14,0.04359157791994127,0.15499990094959376
500,2026.0,55,506580,10,0.025405738221204253,0.40570177982156946
500,2026.0,56,506581,9,0.011139690464275324,0.22932724474020033
500,2026.0,57,506582,10,0.029098370712591488,0.16369249304827577
500,2026.0,58,506583,10,0.026814331092743338,0.2905800347094417
500,2026.0,59,506584,14,0.034520093043482025,0.12245816419927066
500,2026.0,60,506585,11,0.016984763902202077,0.2363240398330635
500,2026.0,61,506586,11,0.013012891617324404,0.2548661818132808
500,2026.0,62,506587,8,0.00998332824280568,0.2723622003666251
500,2026.0,63,506588,10,0.014753494807525774,0.20881846282241115
500,2026.0,64,506589,9,0.017102491223284586,0.19899232625503108
500,2026.0,65,506590,9,0.014921573739749899,0.27373263594104624
500,2026.0,66,506591,10,0.017178356801673886,0.28329615880030057
500,2026.0,67,506592,11,0.020263715647343992,0.21404647721326064
500,2026.0,68,506593,9,0.024778025301419017,0.2607070739378569
500,2026.0,69,506594,8,0.017050748070357218,0.24057371503453767
500,2026.0,70,506595,8,0.024106708619809215,0.2999825684140026
500,2026.0,71,506596,8,0.03417858553321771,0.3374380617914143
500,2026.0,72,506597,10,0.015734880459721858,0.2722152563745612
500,2026.0,73,506598,13,0.04939925660425706,0.2506879849687963
500,2026.0,74,506599,8,0.01012570162032299,0.37123219179235595
500,2026.0,75,506600,6,0.017630448636882463,0.3816339183718863
500,2026.0,76,506601,9,0.022884291034058216,0.2756048391420238
500,2026.0,77,506602,8,0.01148141878151799,0.15644904697870549
500,2026.0,78,506603,11,0.021277878244791316,0.30470645131512997
500,2026.0,79,506604,11,0.019843532051008646,0.23303685205262753
500,2026.0,80,506605,7,0.011972586149358,0.2547374475252495
500,2026.0,81,506606,9,0.02713184890992793,0.29234277556118216
500,2026.0,82,506607,10,0.03570960098018865,0.2881582164414176
500,2026.0,83,506608,11,0.02774840105988593,0.32608938369447266
500,2026.0,84,506609,9,0.02889596260458503,0.25199793385700436
500,2026.0,85,506610,6,0.0040919183277500605,0.4543490549029222
500,2026.0,86,506611,9,0.018236628837349715,0.37029253055614264
500,2026.0,87,506612,4,-0.002117081759130795,0.35368410408475776
500,2026.0,88,506613,11,0.03194804752011071,0.2572565000848225
500,2026.0,89,506614,11,0.033209777701253024,0.22157592590199005
500,2026.0,90,506615,10,0.02302036941234056,0.2330691560152094
500,2026.0,91,506616,11,0.02524777362144364,0.22358774486880847
500,2026.0,92,506617,11,0.04106481936238937,0.1931719088994101
500,2026.0,93,506618,10,0.025061858472676647,0.2764013256402848
500,2026.0,94,506619,9,0.02834007063818993,0.2683120677632006
500,2026.0,95,506620,9,0.017780222540920616,0.29545115185253706
500,2026.0,96,506621,11,0.03486143100454283,0.22673769337287814
500,2026.0,97,506622,10,0.021707797227331575,0.27195644393370233
500,2026.0,98,506623,9,0.02698924992874896,0.2996392754344741
500,2026.0,99,506624,14,0.03319483148613965,0.1469120304400486
500,2026.0,100,506625,11,0.043091873540308315,0.21573278231751583
1000,42.0,1,1009042,13,0.046614983049683506,0.25052009647414025
1000,42.0,2,1009043,11,0.02369096559727571,0.25433600469617
1000,42.0,3,1009044,11,0.03281976998016896,0.2480813611702699
1000,42.0,4,1009045,10,0.036847058128155044,0.1541664586257338
1000,42.0,5,1009046,13,0.043503838662653185,0.2617931598212319
1000,42.0,6,1009047,8,0.02691719365502051,0.28775848447886243
1000,42.0,7,1009048,11,0.022798048373395344,0.22097036969095168
1000,42.0,8,1009049,11,0.03443434067794649,0.27482434614538676
1000,42.0,9,1009050,11,0.03386771522883225,0.2995635368093044
1000,42.0,10,1009051,8,0.02678287135154689,0.3204517411181052
1000,42.0,11,1009052,9,0.023434289700585382,0.25351792758138825
1000,42.0,12,1009053,11,0.029968478767137714,0.2564020007138009
1000,42.0,13,1009054,8,0.02824990596396022,0.32602470543412826
1000,42.0,14,1009055,12,0.030278575318714057,0.25474853844550016
1000,42.0,15,1009056,8,0.02150462569597774,0.2593195345520599
1000,42.0,16,1009057,11,0.03977584051395543,0.15371767854871632
1000,42.0,17,1009058,10,0.03412324484821304,0.2333594573887535
1000,42.0,18,1009059,10,0.026456701804881154,0.25403860634931186
1000,42.0,19,1009060,11,0.037345645356433005,0.3273898038410273
1000,42.0,20,1009061,9,0.030447999670632175,0.30895979567666754
1000,42.0,21,1009062,8,0.026218870816945662,0.33792304790643063
1000,42.0,22,1009063,9,0.016092086691406715,0.29612117664737486
1000,42.0,23,1009064,11,0.02795951476514605,0.26101789233595196
1000,42.0,24,1009065,13,0.0331391546822014,0.2379918848963179
1000,42.0,25,1009066,14,0.049323343266108835,0.25180575640440905
1000,42.0,26,1009067,12,0.0392905576303841,0.2611088437420964
1000,42.0,27,1009068,11,0.02022415083054812,0.252276936748143
1000,42.0,28,1009069,9,0.03420380021756116,0.2204231856730979
1000,42.0,29,1009070,10,0.030355118808995364,0.33216019727865165
1000,42.0,30,1009071,11,0.03899451411872495,0.19114518726638105
1000,42.0,31,1009072,13,0.04642714386758875,0.20946538492629588
1000,42.0,32,1009073,11,0.03340770338070406,0.21988378664581099
1000,42.0,33,1009074,12,0.03192437252105117,0.2009595429441015
1000,42.0,34,1009075,13,0.03598628340077522,0.30046609177780054
1000,42.0,35,1009076,6,0.017158249136781125,0.3959196059130462
1000,42.0,36,1009077,10,0.033874499349802176,0.20228752433882402
1000,42.0,37,1009078,11,0.024515920777683824,0.2946987558403541
1000,42.0,38,1009079,9,0.0247024991159711,0.18880239634366505
1000,42.0,39,1009080,11,0.023852043727015288,0.27344727949142766
1000,42.0,40,1009081,13,0.04033094792596077,0.1883135227894297
1000,42.0,41,1009082,11,0.022145933054208186,0.23383885460728857
1000,42.0,42,1009083,9,0.020883611165427925,0.22787630410398566
1000,42.0,43,1009084,7,0.020550657959916334,0.20709913379824182
1000,42.0,44,1009085,11,0.026321031984542075,0.2883821614775409
1000,42.0,45,1009086,10,0.027157376158829998,0.2580913604325667
1000,42.0,46,1009087,10,0.029353686095099633,0.19595636237074365
1000,42.0,47,1009088,8,0.021045989160968056,0.3182319021158544
1000,42.0,48,1009089,12,0.03923035948621516,0.15518164121001793
1000,42.0,49,1009090,10,0.021863342422058462,0.17737728732704877
1000,42.0,50,1009091,12,0.0403539260959274,0.20868844560311123
1000,42.0,51,1009092,8,0.020771761117409738,0.3895460118074229
1000,42.0,52,1009093,16,0.05976291432601181,0.09776794134353242
1000,42.0,53,1009094,10,0.029103097038600118,0.26496676016930426
1000,42.0,54,1009095,12,0.04211761231998369,0.17716753030593618
1000,42.0,55,1009096,10,0.02963634043669531,0.25850744193103026
1000,42.0,56,1009097,10,0.02538400079773479,0.2673497543284827
1000,42.0,57,1009098,8,0.021705193515332004,0.1984481648472591
1000,42.0,58,1009099,9,0.02187369298106286,0.19835850604871222
1000,42.0,59,1009100,7,0.009491068920726108,0.3724344209035072
1000,42.0,60,1009101,12,0.02126332817219851,0.20196120261454573
1000,42.0,61,1009102,9,0.023459672813412397,0.2859390887600689
1000,42.0,62,1009103,10,0.03173161362516764,0.26330041716591823
1000,42.0,63,1009104,9,0.0280345951499975,0.2721111931902162
1000,42.0,64,1009105,10,0.03487238503687153,0.25536695502411955
1000,42.0,65,1009106,11,0.04244058904152744,0.28941514244630184
1000,42.0,66,1009107,11,0.027775063951879266,0.27482994561340945
1000,42.0,67,1009108,14,0.04417031932270182,0.2179750727791525
1000,42.0,68,1009109,12,0.02909742502921822,0.27543928387815775
1000,42.0,69,1009110,12,0.022863411811624008,0.23397860845960344
1000,42.0,70,1009111,11,0.032234492537379714,0.2909251904541494
1000,42.0,71,1009112,9,0.01747390795496552,0.2249701697817145
1000,42.0,72,1009113,10,0.03198682017648834,0.1596427583811757
1000,42.0,73,1009114,8,0.027211907362247722,0.28455737988637514
1000,42.0,74,1009115,11,0.03627200619108798,0.160023383785153
1000,42.0,75,1009116,7,0.014887275835395957,0.26597534966407826
1000,42.0,76,1009117,11,0.05208388810871867,0.31502389238205203
1000,42.0,77,1009118,10,0.028971703670018507,0.2984537748849062
1000,42.0,78,1009119,7,0.02323953801932908,0.38217732565868345
1000,42.0,79,1009120,11,0.022357285351420883,0.20235839570190683
1000,42.0,80,1009121,9,0.02383705918651471,0.3217048087858235
1000,42.0,81,1009122,10,0.00930637176016056,0.2923961481860885
1000,42.0,82,1009123,8,0.015352415085858332,0.20415096555058504
1000,42.0,83,1009124,9,0.030818487000590943,0.2543785809101685
1000,42.0,84,1009125,11,0.032667521925037406,0.19826890673178493
1000,42.0,85,1009126,9,0.01949631039493667,0.34257401381016694
1000,42.0,86,1009127,12,0.03215725990599712,0.20980368066093394
1000,42.0,87,1009128,8,0.02367810299081948,0.27995278013331454
1000,42.0,88,1009129,8,0.019102352301107926,0.33769733582813005
1000,42.0,89,1009130,13,0.03903695602840297,0.25247842690766464
1000,42.0,90,1009131,6,0.016290023217474383,0.2620736715688498
1000,42.0,91,1009132,10,0.023913249589584303,0.25762588077094545
1000,42.0,92,1009133,8,0.01525003357607548,0.3523148727992827
1000,42.0,93,1009134,9,0.01923549926056734,0.2591360639211937
1000,42.0,94,1009135,11,0.03399072948829328,0.22473184610729452
1000,42.0,95,1009136,10,0.023610148951733034,0.22358559082725846
1000,42.0,96,1009137,13,0.03236895018394394,0.24802940082151279
1000,42.0,97,1009138,10,0.03288960325255271,0.19271500699101135
1000,42.0,98,1009139,7,0.0192308675627472,0.4027193042706326
1000,42.0,99,1009140,10,0.033953537176319055,0.21659774006444033
1000,42.0,100,1009141,12,0.04103325756981887,0.1995851572568583
1000,123.0,1,1009123,8,0.015352415085858332,0.20415096555058504
1000,123.0,2,1009124,9,0.030818487000590943,0.2543785809101685
1000,123.0,3,1009125,11,0.032667521925037406,0.19826890673178493
1000,123.0,4,1009126,9,0.01949631039493667,0.34257401381016694
1000,123.0,5,1009127,12,0.03215725990599712,0.20980368066093394
1000,123.0,6,1009128,8,0.02367810299081948,0.27995278013331454
1000,123.0,7,1009129,8,0.019102352301107926,0.33769733582813005
1000,123.0,8,1009130,13,0.03903695602840297,0.25247842690766464
1000,123.0,9,1009131,6,0.016290023217474383,0.2620736715688498
1000,123.0,10,1009132,10,0.023913249589584303,0.25762588077094545
1000,123.0,11,1009133,8,0.01525003357607548,0.3523148727992827
1000,123.0,12,1009134,9,0.01923549926056734,0.2591360639211937
1000,123.0,13,1009135,11,0.03399072948829328,0.22473184610729452
1000,123.0,14,1009136,10,0.023610148951733034,0.22358559082725846
1000,123.0,15,1009137,13,0.03236895018394394,0.24802940082151279
1000,123.0,16,1009138,10,0.03288960325255271,0.19271500699101135
1000,123.0,17,1009139,7,0.0192308675627472,0.4027193042706326
1000,123.0,18,1009140,10,0.033953537176319055,0.21659774006444033
1000,123.0,19,1009141,12,0.04103325756981887,0.1995851572568583
1000,123.0,20,1009142,11,0.050845714878727355,0.1608803106719499
1000,123.0,21,1009143,10,0.04095593994142318,0.2544298110028943
1000,123.0,22,1009144,10,0.033409107261786974,0.1903941735559857
1000,123.0,23,1009145,12,0.024632893707953067,0.3020850966873109
1000,123.0,24,1009146,10,0.04181159893732801,0.14817924510541117
1000,123.0,25,1009147,9,0.02534477402902351,0.19779750529756393
1000,123.0,26,1009148,11,0.032124283068085534,0.2882595638771909
1000,123.0,27,1009149,14,0.037361297408090285,0.15053291983159284
1000,123.0,28,1009150,10,0.01599390481448571,0.22741902176812906
1000,123.0,29,1009151,14,0.039096639552840665,0.22360570083824624
1000,123.0,30,1009152,10,0.02280435997105055,0.2223186044530947
1000,123.0,31,1009153,11,0.01942322668251471,0.15187314587138975
1000,123.0,32,1009154,12,0.03823467863084621,0.17629378852991237
1000,123.0,33,1009155,9,0.03439231916787254,0.19241783948292654
1000,123.0,34,1009156,9,0.028139144727389143,0.296463640535236
1000,123.0,35,1009157,12,0.030308116193109358,0.22189050809203198
1000,123.0,36,1009158,13,0.030540560483650486,0.18557362642260275
1000,123.0,37,1009159,12,0.030476344057880474,0.16538387086429918
1000,123.0,38,1009160,9,0.005288927971741375,0.22105572407183632
1000,123.0,39,1009161,10,0.02874398356879488,0.24634818268500153
1000,123.0,40,1009162,11,0.02259813944315614,0.17647507009107694
1000,123.0,41,1009163,12,0.03536772123075053,0.16070208821328125
1000,123.0,42,1009164,10,0.0377090593577832,0.3125635690141042
1000,123.0,43,1009165,9,0.02437836736782733,0.3627167450601443
1000,123.0,44,1009166,15,0.05227628009981378,0.17531210768067237
1000,123.0,45,1009167,12,0.037328469722877775,0.23009944789754105
1000,123.0,46,1009168,13,0.03393241935759516,0.2657686981948719
1000,123.0,47,1009169,12,0.02285875190625078,0.187342101886588
1000,123.0,48,1009170,12,0.01776475679373173,0.22765286324454698
1000,123.0,49,1009171,8,0.021231867186213782,0.4010159675857178
1000,123.0,50,1009172,10,0.027043848165750384,0.30517086235964885
1000,123.0,51,1009173,11,0.03568470121580419,0.2604783455672717
1000,123.0,52,1009174,9,0.02382125900153627,0.3119338853799015
1000,123.0,53,1009175,11,0.03486208877040038,0.15107714405878497
1000,123.0,54,1009176,9,0.028937473926234143,0.30425437900120134
1000,123.0,55,1009177,8,0.0020328499152621046,0.29850825287413885
1000,123.0,56,1009178,12,0.035967951674728146,0.18473082987568795
1000,123.0,57,1009179,11,0.028423130160191802,0.1961578801477371
1000,123.0,58,1009180,11,0.03742046615235366,0.3026762550920327
1000,123.0,59,1009181,11,0.018200518845329326,0.25663983849531313
1000,123.0,60,1009182,12,0.03552728591460545,0.22718150832889114
1000,123.0,61,1009183,12,0.045541207752162964,0.21251013949422712
1000,123.0,62,1009184,15,0.06270027357041322,0.13875167667960356
1000,123.0,63,1009185,11,0.018472016377435403,0.25413865905451904
1000,123.0,64,1009186,4,0.009000972347626035,0.38646762044679794
1000,123.0,65,1009187,9,0.02050672931033768,0.3226077529442577
1000,123.0,66,1009188,12,0.03344652098095431,0.106935957858426
1000,123.0,67,1009189,10,0.038598583409995633,0.18265973591557705
1000,123.0,68,1009190,9,0.010754821239838928,0.3164178700238902
1000,123.0,69,1009191,8,0.007834987424732976,0.3093106484117709
1000,123.0,70,1009192,8,0.02087372670878599,0.3335135654121878
1000,123.0,71,1009193,11,0.02319062734738323,0.29467785205005936
1000,123.0,72,1009194,11,0.03542223198573489,0.2702522963928778
1000,123.0,73,1009195,10,0.0237069414218547,0.26224929508197486
1000,123.0,74,1009196,12,0.05485603808856785,0.26224259890684903
1000,123.0,75,1009197,11,0.03143328397872991,0.2953138105180203
1000,123.0,76,1009198,7,0.031263113491447385,0.2928237701799291
1000,123.0,77,1009199,9,0.024107166649875212,0.13006411762051168
1000,123.0,78,1009200,9,0.012977325626066707,0.3922866327289348
1000,123.0,79,1009201,9,0.023593869440165786,0.2891347731684103
1000,123.0,80,1009202,10,0.02409815706962018,0.25153438920742477
1000,123.0,81,1009203,10,0.03294656479875628,0.24464321141404283
1000,123.0,82,1009204,13,0.03460700079486043,0.15359611700168826
1000,123.0,83,1009205,7,0.01011449327230265,0.28006856286497295
1000,123.0,84,1009206,10,0.021578384618077352,0.2727634082190798
1000,123.0,85,1009207,11,0.0285515576514773,0.17044878723608242
1000,123.0,86,1009208,14,0.039835966522972305,0.1443258142372153
1000,123.0,87,1009209,10,0.02343193395304238,0.2288761525933874
1000,123.0,88,1009210,14,0.039000382861152844,0.12225264715594648
1000,123.0,89,1009211,12,0.031210767472626876,0.1887569440629862
1000,123.0,90,1009212,9,0.023629037354434855,0.17358896632899998
1000,123.0,91,1009213,14,0.04236651368804047,0.21665053328120937
1000,123.0,92,1009214,11,0.03382488574444358,0.17387296301313743
1000,123.0,93,1009215,10,0.022916077256356318,0.1991969900440634
1000,123.0,94,1009216,12,0.025793325432583652,0.19340809715145124
1000,123.0,95,1009217,9,0.03424187115268109,0.27683526417160426
1000,123.0,96,1009218,14,0.04316603336259317,0.23970010389357718
1000,123.0,97,1009219,7,0.004504469155444078,0.4970575208781575
1000,123.0,98,1009220,11,0.026810103292326515,0.1463111357403056
1000,123.0,99,1009221,11,0.02181447044897903,0.2559927893138517
1000,123.0,100,1009222,8,0.01780465051517261,0.2847696470304119
1000,456.0,1,1009456,7,0.021468403541671205,0.2706423963625889
1000,456.0,2,1009457,12,0.03522871996753572,0.2053143176550034
1000,456.0,3,1009458,10,0.022137386702343366,0.3001710867278748
1000,456.0,4,1009459,8,0.028365026488595447,0.34081936281919745
1000,456.0,5,1009460,9,0.024119567294267275,0.3284123892839271
1000,456.0,6,1009461,12,0.028143976371224105,0.24887039348080023
1000,456.0,7,1009462,10,0.03442441890090374,0.18082914474105327
1000,456.0,8,1009463,12,0.03343525719417234,0.21923215038790084
1000,456.0,9,1009464,10,0.021451987981629374,0.2708218392094746
1000,456.0,10,1009465,13,0.03886390039198512,0.13468934121871964
1000,456.0,11,1009466,9,0.03498119266463714,0.2932078634362069
1000,456.0,12,1009467,10,0.027214119889090123,0.247526847663865
1000,456.0,13,1009468,9,0.01854859769420722,0.3031879363061577
1000,456.0,14,1009469,5,0.01548850422766819,0.27682951124592226
1000,456.0,15,1009470,7,0.0014194414121166108,0.2913036924549234
1000,456.0,16,1009471,8,0.01399034072434303,0.3376042236282711
1000,456.0,17,1009472,11,0.033079286224029746,0.2870185386014976
1000,456.0,18,1009473,9,0.018549094045888427,0.27291005532592666
1000,456.0,19,1009474,8,0.023315882733921,0.27729518695709926
1000,456.0,20,1009475,7,0.00960824707995787,0.2926941516317688
1000,456.0,21,1009476,12,0.051464095899298276,0.17111890576919958
1000,456.0,22,1009477,7,0.0244664628691662,0.32775030207383715
1000,456.0,23,1009478,12,0.025919395550567582,0.23023632322801726
1000,456.0,24,1009479,9,0.019475541212118284,0.37093996698497056
1000,456.0,25,1009480,10,0.031214659711813565,0.2643693369162053
1000,456.0,26,1009481,13,0.034007193644583975,0.18248437398885003
1000,456.0,27,1009482,9,0.035786553806184805,0.2555546734887162
1000,456.0,28,1009483,11,0.022099325707283145,0.33498576879308506
1000,456.0,29,1009484,7,0.0142743898484417,0.3887021317333497
1000,456.0,30,1009485,11,0.017318302267989978,0.2509522286591742
1000,456.0,31,1009486,12,0.03358277833894238,0.22699864515277204
1000,456.0,32,1009487,7,0.008101883040575079,0.23442336553251955
1000,456.0,33,1009488,12,0.026619961892708748,0.2652733611775905
1000,456.0,34,1009489,10,0.02212384839495494,0.1814949708434462
1000,456.0,35,1009490,6,0.001473630391806425,0.2979616480677959
1000,456.0,36,1009491,12,0.02952253095638845,0.19238799732829187
1000,456.0,37,1009492,8,0.025023928725216492,0.4249178792025809
1000,456.0,38,1009493,12,0.035863163410743165,0.20261643381643152
1000,456.0,39,1009494,5,0.012083933589254022,0.3473420632892997
1000,456.0,40,1009495,10,0.019399130930118653,0.20039926884571813
1000,456.0,41,1009496,13,0.04567549078188397,0.17386047517755773
1000,456.0,42,1009497,13,0.02656237074799017,0.12485421708506743
1000,456.0,43,1009498,8,0.024616053839037415,0.2989791835232213
1000,456.0,44,1009499,9,0.021942668208930437,0.2513928970258019
1000,456.0,45,1009500,11,0.013099152288500625,0.270389124307603
1000,456.0,46,1009501,8,0.01239732703568541,0.34815640286146227
1000,456.0,47,1009502,10,0.017388038363142105,0.3145678513749041
1000,456.0,48,1009503,8,0.025910716712924626,0.27070085239155994
1000,456.0,49,1009504,10,0.017193757264920517,0.25970532632822607
1000,456.0,50,1009505,10,0.022454457050475378,0.23115954097524855
1000,456.0,51,1009506,9,0.029106153662160163,0.3021238251404574
1000,456.0,52,1009507,9,0.022748351295092388,0.26476996801038066
1000,456.0,53,1009508,9,0.02371292136544389,0.3322820395588479
1000,456.0,54,1009509,10,0.023296331682280853,0.26311119644792746
1000,456.0,55,1009510,8,0.0125895609096062,0.3220941063922437
1000,456.0,56,1009511,8,0.01120998423650184,0.23040216427815205
1000,456.0,57,1009512,11,0.02471812658275021,0.23038767063487525
1000,456.0,58,1009513,9,0.016006426748142132,0.2844516902517954
1000,456.0,59,1009514,8,0.01228596513961833,0.3529726036641943
1000,456.0,60,1009515,10,0.03581487630210119,0.24789579322645655
1000,456.0,61,1009516,9,0.034343776168817945,0.2524200331502047
1000,456.0,62,1009517,13,0.05823413196781434,0.14240502613807732
1000,456.0,63,1009518,5,0.010035881077419494,0.38793660369010075
1000,456.0,64,1009519,12,0.0248620845471692,0.2254708570801241
1000,456.0,65,1009520,10,0.018754958422748668,0.29734916260389405
1000,456.0,66,1009521,12,0.03470687130370049,0.1732115323616464
1000,456.0,67,1009522,11,0.02665464937347009,0.28452490207816566
1000,456.0,68,1009523,10,0.02749669686444814,0.2707179337585307
1000,456.0,69,1009524,15,0.04814451481605691,0.10362527138896875
1000,456.0,70,1009525,10,0.018312229671953856,0.23422439718238325
1000,456.0,71,1009526,12,0.03440875738540532,0.15964396084369648
1000,456.0,72,1009527,6,0.00045235577559641987,0.2793513944609641
1000,456.0,73,1009528,9,0.020066464877909296,0.2332346711515511
1000,456.0,74,1009529,8,0.01846077140531937,0.2618144945853721
1000,456.0,75,1009530,9,0.02461746039451332,0.28505391082224507
1000,456.0,76,1009531,11,0.028358678179266867,0.2641651287194296
1000,456.0,77,1009532,15,0.04263657541780646,0.16533474565735667
1000,456.0,78,1009533,10,0.014012057204291833,0.3030394786676954
1000,456.0,79,1009534,12,0.04006523257229243,0.2881720584705977
1000,456.0,80,1009535,11,0.028524664415907737,0.25424468248198334
1000,456.0,81,1009536,11,0.017438482592151396,0.26843647643476354
1000,456.0,82,1009537,9,0.02201773845169016,0.28857909358758077
1000,456.0,83,1009538,10,0.025247056563550186,0.24170262910023385
1000,456.0,84,1009539,8,0.025897873496276713,0.19697070980094716
1000,456.0,85,1009540,10,0.025238669209674512,0.23086672097865893
1000,456.0,86,1009541,15,0.0408016511768602,0.19049039471818274
1000,456.0,87,1009542,9,0.03210439950903067,0.25449786027921373
1000,456.0,88,1009543,14,0.043969670647427087,0.20634393215635055
1000,456.0,89,1009544,10,0.02416250065973864,0.3240163589042998
1000,456.0,90,1009545,8,0.028769856449438868,0.2861145189942658
1000,456.0,91,1009546,8,0.01610158872255389,0.2626441535315846
1000,456.0,92,1009547,7,0.019962759736926274,0.2853766824825222
1000,456.0,93,1009548,13,0.047381750210866005,0.21504198069813008
1000,456.0,94,1009549,11,0.024282420642465788,0.23868492233155444
1000,456.0,95,1009550,12,0.038744019963812514,0.21819022047810405
1000,456.0,96,1009551,9,0.010488171926960289,0.34803880992137676
1000,456.0,97,1009552,10,0.024519089669550482,0.3657447224217343
1000,456.0,98,1009553,9,0.02722262993484375,0.2913064541047277
1000,456.0,99,1009554,10,0.031223212345038737,0.1855977901310863
1000,456.0,100,1009555,10,0.023371033448570583,0.25193424085567334
1000,789.0,1,1009789,11,0.023619864600528673,0.25654822375419
1000,789.0,2,1009790,11,0.039618529265036104,0.26541449458119987
1000,789.0,3,1009791,10,0.011845474195677323,0.2728037249922638
1000,789.0,4,1009792,8,0.031610173784359236,0.33952508281103394
1000,789.0,5,1009793,13,0.03822863405090016,0.23804327710791204
1000,789.0,6,1009794,10,0.017021018697240264,0.2576434918285194
1000,789.0,7,1009795,10,0.024944885928463573,0.2197969139089905
1000,789.0,8,1009796,12,0.037547873657946595,0.2422975448366182
1000,789.0,9,1009797,9,0.031111949941795874,0.25077444792167974
1000,789.0,10,1009798,13,0.04047091869685596,0.14355243438883497
1000,789.0,11,1009799,9,0.01665260739543545,0.27362741530726853
1000,789.0,12,1009800,10,0.031587943705664465,0.287531325706663
1000,789.0,13,1009801,9,0.011454996067531394,0.2639358729684229
1000,789.0,14,1009802,6,-0.0021382673395785846,0.37987234075493825
1000,789.0,15,1009803,12,0.04251976891907926,0.2474175440383016
1000,789.0,16,1009804,7,0.012826602516803948,0.37160018293740515
1000,789.0,17,1009805,13,0.025805671940701734,0.2621682552144514
1000,789.0,18,1009806,11,0.038895046266427334,0.18243676537936615
1000,789.0,19,1009807,10,0.02941633602844796,0.31759346483861123
1000,789.0,20,1009808,7,0.01849450845863663,0.23464319136532225
1000,789.0,21,1009809,12,0.02551484002902607,0.2191481984263462
1000,789.0,22,1009810,11,0.03359797832153527,0.23076921917527793
1000,789.0,23,1009811,8,0.014805645601557815,0.38193843810872835
1000,789.0,24,1009812,11,0.015043698871191002,0.3014297661490257
1000,789.0,25,1009813,11,0.03293297212349626,0.2603491134768523
1000,789.0,26,1009814,9,0.021439005235519212,0.2753876358860943
1000,789.0,27,1009815,12,0.046121820836750684,0.24817552547181862
1000,789.0,28,1009816,10,0.02374027145249205,0.12574885816326248
1000,789.0,29,1009817,11,0.024164997779038345,0.2994736797091587
1000,789.0,30,1009818,7,0.014545317328839274,0.3118899327744376
1000,789.0,31,1009819,9,0.024472235933803637,0.3095614625009475
1000,789.0,32,1009820,7,0.018448570092973432,0.3367925010871792
1000,789.0,33,1009821,6,0.01957660654078771,0.30890214407176453
1000,789.0,34,1009822,12,0.020949567602387937,0.34032123806916925
1000,789.0,35,1009823,8,0.013127624385226641,0.33272338522552336
1000,789.0,36,1009824,13,0.03467792235947387,0.2643187426943647
1000,789.0,37,1009825,10,0.01926341247909317,0.21701157655549436
1000,789.0,38,1009826,10,0.032830596334985376,0.29935810188468615
1000,789.0,39,1009827,11,0.029407009410770023,0.15827303791244468
1000,789.0,40,1009828,9,0.028287457488519862,0.2511031603065482
1000,789.0,41,1009829,7,0.019776331922951623,0.3751649144308667
1000,789.0,42,1009830,12,0.03181293105140391,0.181468783129132
1000,789.0,43,1009831,12,0.03828239512664744,0.16888108785260136
1000,789.0,44,1009832,10,0.030573079476560593,0.28686655278827
1000,789.0,45,1009833,8,0.008321583695765173,0.30842076936914903
1000,789.0,46,1009834,11,0.03781502041874576,0.19105785432664163
1000,789.0,47,1009835,12,0.037729465611489016,0.2991920666228346
1000,789.0,48,1009836,14,0.054065368286221535,0.09286784800218643
1000,789.0,49,1009837,7,0.02736543369951594,0.25247115871011216
1000,789.0,50,1009838,7,0.017468476912756707,0.27576861722843626
1000,789.0,51,1009839,7,0.00884579189674341,0.3311709468211365
1000,789.0,52,1009840,9,0.02002017161884203,0.18793364643350402
1000,789.0,53,1009841,9,0.021626411211865405,0.335717678317898
1000,789.0,54,1009842,9,0.018482418021865073,0.29848779339210446
1000,789.0,55,1009843,8,0.020162963027037097,0.3016758756999946
1000,789.0,56,1009844,14,0.03870729611562795,0.18332792652260094
1000,789.0,57,1009845,10,0.019203660444047616,0.2329665951823273
1000,789.0,58,1009846,7,0.008720202678109234,0.25325831241463204
1000,789.0,59,1009847,8,0.020582674083625838,0.1994002586437337
1000,789.0,60,1009848,9,0.009960516958868506,0.3517309230450715
1000,789.0,61,1009849,9,0.025334507977786642,0.33226403704944674
1000,789.0,62,1009850,11,0.0332490283599174,0.28614925817854386
1000,789.0,63,1009851,9,0.025461933236167973,0.2951122571458373
1000,789.0,64,1009852,10,0.016875000196645524,0.27018370094810606
1000,789.0,65,1009853,9,0.03025553538699729,0.2564975386767907
1000,789.0,66,1009854,9,0.01577610725988084,0.252852199954604
1000,789.0,67,1009855,9,0.01683735902354515,0.3362179326064364
1000,789.0,68,1009856,12,0.03434651415340885,0.3052558394531719
1000,789.0,69,1009857,11,0.029086033990587918,0.22191626902947115
1000,789.0,70,1009858,10,0.026328970716979417,0.33334733939242145
1000,789.0,71,1009859,11,0.04155720897354793,0.28039211820404797
1000,789.0,72,1009860,10,0.018981147465383617,0.37336779810272785
1000,789.0,73,1009861,10,0.023762510296255264,0.25879383343127677
1000,789.0,74,1009862,11,0.02744710021958352,0.23093755748252215
1000,789.0,75,1009863,9,0.013711699439462285,0.31609911520740636
1000,789.0,76,1009864,7,0.01415284374137413,0.35109727180438294
1000,789.0,77,1009865,8,0.027867553314844796,0.30114920804190337
1000,789.0,78,1009866,9,0.014990141948685365,0.2362069090353164
1000,789.0,79,1009867,14,0.032058661570451605,0.17942835791383605
1000,789.0,80,1009868,8,0.025507762523008813,0.34394369073486947
1000,789.0,81,1009869,15,0.043614900506678954,0.06871507423108372
1000,789.0,82,1009870,7,0.008383343621509543,0.42863629108951445
1000,789.0,83,1009871,11,0.030555856309675535,0.15670335083123654
1000,789.0,84,1009872,10,0.020779683000280123,0.22757503348200725
1000,789.0,85,1009873,11,0.03624780461132185,0.21928862783299655
1000,789.0,86,1009874,10,0.026487675117351107,0.25602467958373654
1000,789.0,87,1009875,11,0.023465059387032958,0.2685902890958293
1000,789.0,88,1009876,9,0.02519080774467109,0.2512604987288582
1000,789.0,89,1009877,13,0.030332704020143875,0.205932857903503
1000,789.0,90,1009878,12,0.03257601493174807,0.17689072775221923
1000,789.0,91,1009879,11,0.020174617244369527,0.29754628241807624
1000,789.0,92,1009880,4,0.003366824528563228,0.3540884913870863
1000,789.0,93,1009881,10,0.022000400177075986,0.2624854626239142
1000,789.0,94,1009882,11,0.04021916653280465,0.36480494108426736
1000,789.0,95,1009883,6,0.012072655197883402,0.35572218344439843
1000,789.0,96,1009884,11,0.024985385290242586,0.23542414230442327
1000,789.0,97,1009885,12,0.023432709260817135,0.19620137912457553
1000,789.0,98,1009886,9,0.013229397095826684,0.2750719344628795
1000,789.0,99,1009887,9,0.028471836584579226,0.2938010830372676
1000,789.0,100,1009888,11,0.04089885798681977,0.21393874404960483
1000,2026.0,1,1011026,10,0.031080644970401194,0.23088777929336812
1000,2026.0,2,1011027,6,0.010763909857202814,0.19262641957891508
1000,2026.0,3,1011028,11,0.0382721392175831,0.2644855859051043
1000,2026.0,4,1011029,11,0.03949387615610228,0.25495965925596586
1000,2026.0,5,1011030,10,0.034619959283246,0.21983643200362352
1000,2026.0,6,1011031,13,0.0437889473911542,0.1059146465697377
1000,2026.0,7,1011032,9,0.01262805668890785,0.34532272587441704
1000,2026.0,8,1011033,10,0.04642938056218613,0.36289844250143244
1000,2026.0,9,1011034,13,0.036571124008141505,0.24724915725634505
1000,2026.0,10,1011035,10,0.03360353636900322,0.17696796679954546
1000,2026.0,11,1011036,12,0.022487410832958236,0.22225997355991506
1000,2026.0,12,1011037,12,0.04424481663147896,0.16822379105457547
1000,2026.0,13,1011038,13,0.027025493780853217,0.15906672009599926
1000,2026.0,14,1011039,9,0.01873004772378837,0.2701504807855187
1000,2026.0,15,1011040,12,0.03137119232966244,0.21578843869599798
1000,2026.0,16,1011041,10,0.050705910564607826,0.25615065893402256
1000,2026.0,17,1011042,11,0.013808638867882445,0.19887424304009663
1000,2026.0,18,1011043,11,0.04652190849019189,0.18147173824322219
1000,2026.0,19,1011044,11,0.03951618091702437,0.21779171619542112
1000,2026.0,20,1011045,8,0.034151036081431704,0.31509155493187724
1000,2026.0,21,1011046,7,0.013161064699960968,0.25839264379343024
1000,2026.0,22,1011047,8,0.014859519492936124,0.35048524970635425
1000,2026.0,23,1011048,12,0.028453192232701086,0.22601724694401323
1000,2026.0,24,1011049,10,0.025439853823452346,0.2188931704393018
1000,2026.0,25,1011050,8,0.011481244989473439,0.3716248126142284
1000,2026.0,26,1011051,11,0.031934832931133986,0.19630847823772749
1000,2026.0,27,1011052,7,0.019974871709397428,0.3344271564051128
1000,2026.0,28,1011053,11,0.03188984367896617,0.195137242219048
1000,2026.0,29,1011054,8,0.022351769515818874,0.27262089742127665
1000,2026.0,30,1011055,9,0.017726790268796883,0.12836184817000645
1000,2026.0,31,1011056,10,0.02180332597524554,0.2780533284234536
1000,2026.0,32,1011057,10,0.03167097715547516,0.20182573779909063
1000,2026.0,33,1011058,12,0.02684167352116727,0.15005363682005096
1000,2026.0,34,1011059,8,0.01942061137687278,0.2464150701944277
1000,2026.0,35,1011060,11,0.033134332419215,0.1910572162212944
1000,2026.0,36,1011061,9,0.0365829375384909,0.22012041217107847
1000,2026.0,37,1011062,11,0.018937434830501844,0.3537814797850497
1000,2026.0,38,1011063,10,0.01756250823656178,0.2208031614833869
1000,2026.0,39,1011064,10,0.031757402019410665,0.24109914588862943
1000,2026.0,40,1011065,14,0.038485999043123824,0.14720110382020862
1000,2026.0,41,1011066,11,0.020251814089203714,0.307469383413522
1000,2026.0,42,1011067,9,0.02279903477979531,0.25215740727020486
1000,2026.0,43,1011068,8,0.014392754219072209,0.2073709069117277
1000,2026.0,44,1011069,12,0.04365649230863248,0.2755063633124982
1000,2026.0,45,1011070,7,0.016800208771881937,0.256064283909521
1000,2026.0,46,1011071,11,0.039555718788346614,0.20523803646184424
1000,2026.0,47,1011072,12,0.03415356172910925,0.26617990181053397
1000,2026.0,48,1011073,12,0.0231977986314088,0.20226676244289804
1000,2026.0,49,1011074,9,0.01985300230272031,0.29810012593124086
1000,2026.0,50,1011075,11,0.027495034710588322,0.2621157154247263
1000,2026.0,51,1011076,9,0.02885032363797029,0.3093508173415839
1000,2026.0,52,1011077,7,0.019679413923038163,0.29949578336427896
1000,2026.0,53,1011078,15,0.05560005300140688,0.16138464348457554
1000,2026.0,54,1011079,10,0.0331839859226986,0.24315143033814005
1000,2026.0,55,1011080,10,0.03234773749764604,0.36937917386374414
1000,2026.0,56,1011081,12,0.030418499472888855,0.15450352214398835
1000,2026.0,57,1011082,11,0.044233871797789516,0.28107844169137597
1000,2026.0,58,1011083,11,0.03699842705686933,0.19507851998971126
1000,2026.0,59,1011084,8,0.020524361084110744,0.2349927113075052
1000,2026.0,60,1011085,11,0.028351415803726042,0.26543930034086816
1000,2026.0,61,1011086,11,0.031934174748888,0.19675221611800675
1000,2026.0,62,1011087,12,0.0374037789559123,0.21217184854266896
1000,2026.0,63,1011088,7,0.02206997912298649,0.22369823555838578
1000,2026.0,64,1011089,13,0.04484052185192076,0.13855451519041911
1000,2026.0,65,1011090,10,0.02412772806314936,0.2580402923599378
1000,2026.0,66,1011091,9,0.01786111445238809,0.251551170452369
1000,2026.0,67,1011092,9,0.02231036123008696,0.22690358886197953
1000,2026.0,68,1011093,9,0.027497126342390866,0.282850949873221
1000,2026.0,69,1011094,13,0.041791612284315535,0.2326573947363002
1000,2026.0,70,1011095,13,0.03559880235618442,0.24713838090383825
1000,2026.0,71,1011096,9,0.025297167815501714,0.226090676174563
1000,2026.0,72,1011097,11,0.033265738825325464,0.307224294750298
1000,2026.0,73,1011098,6,0.015769871586803076,0.430314484894855
1000,2026.0,74,1011099,11,0.025952594164275904,0.2892791813196003
1000,2026.0,75,1011100,9,0.03309074307338857,0.23147997981507143
1000,2026.0,76,1011101,9,0.017856597374988133,0.2556934037690507
1000,2026.0,77,1011102,10,0.022299682771649405,0.257273852993561
1000,2026.0,78,1011103,10,0.021241502147665646,0.2814321461961046
1000,2026.0,79,1011104,10,0.032149035398299546,0.19074722061090627
1000,2026.0,80,1011105,11,0.03255091733696005,0.32683893469600717
1000,2026.0,81,1011106,7,0.013877877995523577,0.26153951272390785
1000,2026.0,82,1011107,9,0.022995312785300082,0.3147896564861264
1000,2026.0,83,1011108,12,0.03182019064728047,0.21398100926935001
1000,2026.0,84,1011109,12,0.03604057353719728,0.2243829415247119
1000,2026.0,85,1011110,11,0.03789095196937574,0.24485835350440435
1000,2026.0,86,1011111,9,0.02579183145373104,0.3366471073175268
1000,2026.0,87,1011112,9,0.025781476517378075,0.24689973415499922
1000,2026.0,88,1011113,11,0.023957101217664138,0.19575432744382507
1000,2026.0,89,1011114,15,0.036334520254856686,0.22907755271575284
1000,2026.0,90,1011115,12,0.03205890640568806,0.23967089520628973
1000,2026.0,91,1011116,11,0.03235055315131513,0.2527198896323809
1000,2026.0,92,1011117,12,0.04410347120472272,0.21269810221934304
1000,2026.0,93,1011118,9,0.02641044119808253,0.3620731152246552
1000,2026.0,94,1011119,9,0.024858790569715176,0.3386979072623788
1000,2026.0,95,1011120,14,0.05745624574921486,0.1396069803023331
1000,2026.0,96,1011121,10,0.027416567623599203,0.28339458337830903
1000,2026.0,97,1011122,10,0.02675470973117091,0.25401516900354626
1000,2026.0,98,1011123,10,0.037747288681503836,0.2079344685878644
1000,2026.0,99,1011124,9,0.025723805196992588,0.14630420420636986
1000,2026.0,100,1011125,8,0.016644536272967025,0.29791103723758655
2500,42.0,1,2522542,6,0.0038706476984694685,0.4172559644552988
2500,42.0,2,2522543,11,0.03542461646894035,0.23976741520445763
2500,42.0,3,2522544,10,0.026521273121821298,0.19490517377099945
2500,42.0,4,2522545,9,0.016813785865339274,0.34119134544852286
2500,42.0,5,2522546,11,0.03940818134039644,0.248055156934823
2500,42.0,6,2522547,9,0.041479941249353426,0.24528523484758566
2500,42.0,7,2522548,8,0.020694152499539018,0.32185391711279815
2500,42.0,8,2522549,12,0.039134620333988,0.2454064663939172
2500,42.0,9,2522550,11,0.014602606176292398,0.21491086182342684
2500,42.0,10,2522551,12,0.034024566025548576,0.33596508255434776
2500,42.0,11,2522552,8,0.02358631851279319,0.3009096160229641
2500,42.0,12,2522553,10,0.011994048668785002,0.29273948563641455
2500,42.0,13,2522554,10,0.027425385722759578,0.14569618139689072
2500,42.0,14,2522555,13,0.04704814922622815,0.1698600370226939
2500,42.0,15,2522556,9,0.026997122821641694,0.33914309822211963
2500,42.0,16,2522557,10,0.035061428606549,0.22724814371372473
2500,42.0,17,2522558,11,0.01725109600596602,0.2566412835248677
2500,42.0,18,2522559,8,0.011774210560442758,0.2895330375864503
2500,42.0,19,2522560,11,0.023884967871764255,0.18305119198837677
2500,42.0,20,2522561,11,0.032978190204388434,0.2552742115871237
2500,42.0,21,2522562,6,0.020167691987458304,0.31501465308218124
2500,42.0,22,2522563,13,0.046418567403796185,0.25730277583459366
2500,42.0,23,2522564,16,0.049198372903207284,0.13808125874690777
2500,42.0,24,2522565,7,0.01004624154507649,0.3584652875369139
2500,42.0,25,2522566,9,0.023651685994275588,0.2849293439209384
2500,42.0,26,2522567,11,0.03460925916725992,0.23057464025718452
2500,42.0,27,2522568,9,0.024810446561493532,0.25831716021201345
2500,42.0,28,2522569,11,0.026321686805866783,0.19848295768303004
2500,42.0,29,2522570,12,0.03664836780858848,0.2577357118420964
2500,42.0,30,2522571,11,0.03199991721781181,0.19324521101972172
2500,42.0,31,2522572,11,0.02481152348891192,0.223374985207974
2500,42.0,32,2522573,9,0.01458744192184055,0.2624682370514022
2500,42.0,33,2522574,6,-0.0037768270710446103,0.3843990018507098
2500,42.0,34,2522575,12,0.01808333601424622,0.15916304652420585
2500,42.0,35,2522576,9,0.022230161685574453,0.2882547750106395
2500,42.0,36,2522577,13,0.05693504435461315,0.1563557519339995
2500,42.0,37,2522578,7,0.018697246656447026,0.39037970025018265
2500,42.0,38,2522579,8,0.019969060921011472,0.23936717349240544
2500,42.0,39,2522580,8,0.02092788460300605,0.23047342836622559
2500,42.0,40,2522581,8,0.004213978481367045,0.32354741972428724
2500,42.0,41,2522582,11,0.020936184764154563,0.21037100974361408
2500,42.0,42,2522583,11,0.029148065085534434,0.26286399173145913
2500,42.0,43,2522584,11,0.038882074803933395,0.17646395333215673
2500,42.0,44,2522585,11,0.021648037094986763,0.2135905690453143
2500,42.0,45,2522586,12,0.04568102941545635,0.18634709466169913
2500,42.0,46,2522587,8,0.026355198386580493,0.29580674459140205
2500,42.0,47,2522588,12,0.03282617759263966,0.17323242576636488
2500,42.0,48,2522589,9,0.008955452549781135,0.22449639678327316
2500,42.0,49,2522590,6,0.01698483377732895,0.2649400215695497
2500,42.0,50,2522591,14,0.05366981243212636,0.17644506570164747
2500,42.0,51,2522592,3,0.003948945058269366,0.3813775563504031
2500,42.0,52,2522593,10,0.02425891833387797,0.2721498758124807
2500,42.0,53,2522594,11,0.030035243752764246,0.30910567706253783
2500,42.0,54,2522595,11,0.019719546625204337,0.2978982816647565
2500,42.0,55,2522596,8,0.012780541761243849,0.3371584804783171
2500,42.0,56,2522597,14,0.04182614110807821,0.1272670327413281
2500,42.0,57,2522598,10,0.03117149681078135,0.1866286370525492
2500,42.0,58,2522599,10,0.027466150235508975,0.29735431044537186
2500,42.0,59,2522600,8,0.03844720271517538,0.31830807915443726
2500,42.0,60,2522601,10,0.02118253847358994,0.21996601417252898
2500,42.0,61,2522602,12,0.045600113683472034,0.1907561247794151
2500,42.0,62,2522603,8,0.02749290845698668,0.3152669029092431
2500,42.0,63,2522604,11,0.03019522263304062,0.23981039008628507
2500,42.0,64,2522605,8,0.012181345006026224,0.1662507646974685
2500,42.0,65,2522606,10,0.03011891644374386,0.3247674119493183
2500,42.0,66,2522607,7,0.02418970160896864,0.3282079494808757
2500,42.0,67,2522608,13,0.03981090378132633,0.20892491380915584
2500,42.0,68,2522609,11,0.03474116173149341,0.27822987537129035
2500,42.0,69,2522610,9,0.004062942802802201,0.3802438898899738
2500,42.0,70,2522611,9,0.0118166885973118,0.2988372090565146
2500,42.0,71,2522612,11,0.030725911027142477,0.25104869129096613
2500,42.0,72,2522613,11,0.031018376979821145,0.33759061155957226
2500,42.0,73,2522614,14,0.037566782899550344,0.1708374251427018
2500,42.0,74,2522615,10,0.03793833268712808,0.26110598261010703
2500,42.0,75,2522616,6,0.01267969828820791,0.276612443655019
2500,42.0,76,2522617,12,0.03582419258675304,0.2775909957277448
2500,42.0,77,2522618,14,0.054107587548939906,0.11571192694806835
2500,42.0,78,2522619,13,0.03099673328502566,0.2463814558550775
2500,42.0,79,2522620,10,0.04264772412317431,0.23553229510041868
2500,42.0,80,2522621,10,0.021671689769204742,0.29850347970438146
2500,42.0,81,2522622,15,0.0401455565156342,0.10162863026564176
2500,42.0,82,2522623,10,0.027103665077895155,0.2675617877368954
2500,42.0,83,2522624,13,0.023144605443740703,0.11882548112509446
2500,42.0,84,2522625,9,0.009682555557269944,0.2842101651955451
2500,42.0,85,2522626,11,0.025661586718177067,0.1713153113720474
2500,42.0,86,2522627,12,0.022274222672584543,0.20018447262204578
2500,42.0,87,2522628,16,0.06987266730944584,0.1500303832978065
2500,42.0,88,2522629,9,0.025554727426703987,0.36893531041938715
2500,42.0,89,2522630,9,0.022010361261415645,0.31602291146917877
2500,42.0,90,2522631,11,0.04086637272295186,0.18184332959616337
2500,42.0,91,2522632,11,0.03390227987050047,0.25475258442936305
2500,42.0,92,2522633,7,0.019380940467643916,0.26831498132855686
2500,42.0,93,2522634,10,0.02244934642324143,0.2605388219938761
2500,42.0,94,2522635,11,0.043816826635628366,0.3145847854295575
2500,42.0,95,2522636,9,0.03274105026298143,0.3687436495207982
2500,42.0,96,2522637,12,0.027913102732852864,0.29569114550925646
2500,42.0,97,2522638,12,0.037100614578270394,0.2209437333577398
2500,42.0,98,2522639,12,0.034179404189253394,0.21444785839211605
2500,42.0,99,2522640,9,0.02240995831436774,0.29056005435706433
2500,42.0,100,2522641,12,0.017680709339767543,0.2649887248476665
2500,123.0,1,2522623,10,0.027103665077895155,0.2675617877368954
2500,123.0,2,2522624,13,0.023144605443740703,0.11882548112509446
2500,123.0,3,2522625,9,0.009682555557269944,0.2842101651955451
2500,123.0,4,2522626,11,0.025661586718177067,0.1713153113720474
2500,123.0,5,2522627,12,0.022274222672584543,0.20018447262204578
2500,123.0,6,2522628,16,0.06987266730944584,0.1500303832978065
2500,123.0,7,2522629,9,0.025554727426703987,0.36893531041938715
2500,123.0,8,2522630,9,0.022010361261415645,0.31602291146917877
2500,123.0,9,2522631,11,0.04086637272295186,0.18184332959616337
2500,123.0,10,2522632,11,0.03390227987050047,0.25475258442936305
2500,123.0,11,2522633,7,0.019380940467643916,0.26831498132855686
2500,123.0,12,2522634,10,0.02244934642324143,0.2605388219938761
2500,123.0,13,2522635,11,0.043816826635628366,0.3145847854295575
2500,123.0,14,2522636,9,0.03274105026298143,0.3687436495207982
2500,123.0,15,2522637,12,0.027913102732852864,0.29569114550925646
2500,123.0,16,2522638,12,0.037100614578270394,0.2209437333577398
2500,123.0,17,2522639,12,0.034179404189253394,0.21444785839211605
2500,123.0,18,2522640,9,0.02240995831436774,0.29056005435706433
2500,123.0,19,2522641,12,0.017680709339767543,0.2649887248476665
2500,123.0,20,2522642,6,0.028799778390147003,0.3068496688579615
2500,123.0,21,2522643,13,0.03465441496875855,0.1870377642979029
2500,123.0,22,2522644,9,0.013956210525168055,0.2695298531260916
2500,123.0,23,2522645,9,0.014780191536765148,0.33138985506835755
2500,123.0,24,2522646,13,0.05476367873870874,0.13225636438830302
2500,123.0,25,2522647,10,0.01721198368346405,0.21934505147633168
2500,123.0,26,2522648,10,0.031018804291305314,0.25354931168985795
2500,123.0,27,2522649,10,0.04043012203893481,0.18580676528537549
2500,123.0,28,2522650,13,0.03844160629584159,0.18414460706197483
2500,123.0,29,2522651,13,0.052975797108907055,0.21521017774075407
2500,123.0,30,2522652,11,0.028423072845402388,0.24792145813467387
2500,123.0,31,2522653,11,0.025662764590562576,0.22641703822043655
2500,123.0,32,2522654,10,0.032221973008106836,0.29423808759177217
2500,123.0,33,2522655,15,0.04294248381764595,0.10069764613274561
2500,123.0,34,2522656,11,0.034150265659747395,0.24489363258427255
2500,123.0,35,2522657,12,0.028614531540487348,0.2639586320092516
2500,123.0,36,2522658,8,0.021072845281665552,0.3911369430012164
2500,123.0,37,2522659,10,0.020974288719373083,0.23739257690365645
2500,123.0,38,2522660,12,0.03706510806289237,0.13429384678801687
2500,123.0,39,2522661,10,0.0370845513777543,0.1817856369994792
2500,123.0,40,2522662,9,0.01971803212135846,0.32815562537357995
2500,123.0,41,2522663,9,0.01938707381123095,0.3444809230320349
2500,123.0,42,2522664,10,0.03863558885017604,0.19700422522711597
2500,123.0,43,2522665,7,0.00788124650385984,0.3536993001764604
2500,123.0,44,2522666,14,0.05755867924937043,0.1291440136724576
2500,123.0,45,2522667,11,0.020788439367065724,0.12086678868610568
2500,123.0,46,2522668,10,0.02280796628404399,0.26886116929466
2500,123.0,47,2522669,11,0.03290043416021596,0.20671895406923202
2500,123.0,48,2522670,10,0.030433565740682234,0.27823277971758614
2500,123.0,49,2522671,9,0.01618187119843062,0.3057522541252957
2500,123.0,50,2522672,10,0.033531559263235346,0.2574460151595735
2500,123.0,51,2522673,10,0.02917298616136979,0.2907226844744808
2500,123.0,52,2522674,13,0.04186200045546193,0.15012004747090682
2500,123.0,53,2522675,13,0.037321131599391204,0.18035503078636078
2500,123.0,54,2522676,11,0.026528228345348258,0.18611602258892718
2500,123.0,55,2522677,10,0.013442082373050307,0.23986747028250824
2500,123.0,56,2522678,10,0.01850584800099388,0.33061510072634
2500,123.0,57,2522679,14,0.04670489401053017,0.13543608461613355
2500,123.0,58,2522680,8,0.01240922323854739,0.24544231778859166
2500,123.0,59,2522681,11,0.03792589237788788,0.29009935377075213
2500,123.0,60,2522682,13,0.040066781548856914,0.22050577005839966
2500,123.0,61,2522683,11,0.028922922586842027,0.14621824003920275
2500,123.0,62,2522684,10,0.03906759216198872,0.1615724570037814
2500,123.0,63,2522685,13,0.02738877256335779,0.19398885877588995
2500,123.0,64,2522686,11,0.04116934628160843,0.21599251791514532
2500,123.0,65,2522687,10,0.022334794831988816,0.27234365245424413
2500,123.0,66,2522688,13,0.04145791031473754,0.20839290279987846
2500,123.0,67,2522689,9,0.019977245452898543,0.27906771748341874
2500,123.0,68,2522690,10,0.03860823045556173,0.2275263022372617
2500,123.0,69,2522691,8,0.012254109069939371,0.23942974960506339
2500,123.0,70,2522692,11,0.03879603103608927,0.22397016395400823
2500,123.0,71,2522693,12,0.023652042134043587,0.16555722845322635
2500,123.0,72,2522694,11,0.042380184786322,0.2458927555279923
2500,123.0,73,2522695,13,0.02429868393479573,0.22193025089237683
2500,123.0,74,2522696,11,0.031141369467126874,0.2882300577175334
2500,123.0,75,2522697,12,0.025072471361846527,0.2224801302392921
2500,123.0,76,2522698,10,0.024147862018425458,0.224945799183116
2500,123.0,77,2522699,14,0.05241980431593192,0.19928700563352772
2500,123.0,78,2522700,11,0.034681619595726014,0.22502377107074456
2500,123.0,79,2522701,8,0.03473637042804946,0.17495091753155226
2500,123.0,80,2522702,8,0.018965959405236037,0.33059628188169443
2500,123.0,81,2522703,12,0.03094256899186118,0.22313846117038755
2500,123.0,82,2522704,8,0.0122696329290355,0.25130100583328513
2500,123.0,83,2522705,11,0.033792935109916135,0.20667291072001315
2500,123.0,84,2522706,10,0.030918075347626545,0.20847868152496227
2500,123.0,85,2522707,11,0.03527524225649209,0.18997622738133868
2500,123.0,86,2522708,12,0.03696562513636634,0.21398622381719218
2500,123.0,87,2522709,12,0.05094599676284813,0.13933791361127268
2500,123.0,88,2522710,6,0.005347639290184858,0.2611297159060187
2500,123.0,89,2522711,10,0.028562199994312882,0.2742147450912673
2500,123.0,90,2522712,9,0.024073692761414182,0.3065340018554187
2500,123.0,91,2522713,8,0.01732219613540075,0.3022779236165951
2500,123.0,92,2522714,12,0.03856523637711389,0.2013164162152678
2500,123.0,93,2522715,9,0.034653989496218285,0.22335350007319893
2500,123.0,94,2522716,12,0.03735433179447841,0.14122713095051603
2500,123.0,95,2522717,11,0.02148875090998592,0.25926606561970644
2500,123.0,96,2522718,10,0.031472055211610464,0.22294589314307398
2500,123.0,97,2522719,14,0.0551804632564916,0.1181883704396017
2500,123.0,98,2522720,7,0.020666633513749366,0.22388745499734047
2500,123.0,99,2522721,12,0.024547021014924945,0.1729975382975569
2500,123.0,100,2522722,8,0.031028527888389862,0.2602703347040402
2500,456.0,1,2522956,9,0.027380108007804004,0.29743914236406127
2500,456.0,2,2522957,11,0.04181010591214164,0.17615301844290482
2500,456.0,3,2522958,10,0.018142838598882407,0.21942298513082847
2500,456.0,4,2522959,11,0.016877561754846542,0.18849885511618236
2500,456.0,5,2522960,8,0.02750134575230063,0.28291293207492146
2500,456.0,6,2522961,12,0.026248963678530208,0.25364626725682127
2500,456.0,7,2522962,8,0.01798941271388773,0.2966057090780754
2500,456.0,8,2522963,11,0.0368567508245013,0.1478743896381902
2500,456.0,9,2522964,9,0.016519865812071457,0.3435982212638015
2500,456.0,10,2522965,12,0.04744635459745041,0.2967059457527495
2500,456.0,11,2522966,11,0.024624471285295896,0.19408723864763625
2500,456.0,12,2522967,6,0.00886660667533205,0.3166096351788446
2500,456.0,13,2522968,9,0.01750642310278367,0.24476783387078646
2500,456.0,14,2522969,8,0.02340266060753888,0.2704887894338028
2500,456.0,15,2522970,10,0.024259782568214185,0.24390294884943606
2500,456.0,16,2522971,9,0.013084284336851637,0.265022401254719
2500,456.0,17,2522972,9,0.01319961609809377,0.26739656511864973
2500,456.0,18,2522973,8,0.019429612221570913,0.3658883309816003
2500,456.0,19,2522974,11,0.035937130585718915,0.2705407691416848
2500,456.0,20,2522975,9,0.009767731783297727,0.29059953620306367
2500,456.0,21,2522976,14,0.030261044689932903,0.11805469261317536
2500,456.0,22,2522977,13,0.03328148452214147,0.1760092421181395
2500,456.0,23,2522978,13,0.03965550198616587,0.12995741065886499
2500,456.0,24,2522979,11,0.02077434562303196,0.30877721211936604
2500,456.0,25,2522980,9,0.01749416249060832,0.27935213082473176
2500,456.0,26,2522981,11,0.008977676743518424,0.16177497258827112
2500,456.0,27,2522982,13,0.05067675852860486,0.2150106565017469
2500,456.0,28,2522983,10,0.022220779548030433,0.2643438869025921
2500,456.0,29,2522984,7,0.018634652889011564,0.3481603387544591
2500,456.0,30,2522985,14,0.04017429347962904,0.22786810092350868
2500,456.0,31,2522986,10,0.016477294051111823,0.22309805236281477
2500,456.0,32,2522987,12,0.03540080103380458,0.13226612038116653
2500,456.0,33,2522988,8,0.015118230704272947,0.38114643632649464
2500,456.0,34,2522989,10,0.01941991815560096,0.28156332946375157
2500,456.0,35,2522990,10,0.02439686851403105,0.3602212356640594
2500,456.0,36,2522991,13,0.04124163110640451,0.20462404666213843
2500,456.0,37,2522992,12,0.020673482318277297,0.22321212653903794
2500,456.0,38,2522993,9,0.038683544053670624,0.31487858332266583
2500,456.0,39,2522994,12,0.03233375938263473,0.18669250619998495
2500,456.0,40,2522995,10,0.01749715304887491,0.2192802930703252
2500,456.0,41,2522996,11,0.021004703513069527,0.23425034728071337
2500,456.0,42,2522997,12,0.025360929153010164,0.25638389447044435
2500,456.0,43,2522998,13,0.047082140121468156,0.09995909497891778
2500,456.0,44,2522999,16,0.059614419121296836,0.1612271334991751
2500,456.0,45,2523000,9,0.03433861898627149,0.1917261278855637
2500,456.0,46,2523001,10,0.031072506847146537,0.22491417028162966
2500,456.0,47,2523002,12,0.03987217295971753,0.2594927444794637
2500,456.0,48,2523003,12,0.013795933847392885,0.13968278177982088
2500,456.0,49,2523004,5,0.00688036197652001,0.31717359057222844
2500,456.0,50,2523005,11,0.04631988900168834,0.26806481802003734
2500,456.0,51,2523006,11,0.038544954663012096,0.2172819811429799
2500,456.0,52,2523007,11,0.01563382513706873,0.19610032784216197
2500,456.0,53,2523008,11,0.00708310111466961,0.23817039942072293
2500,456.0,54,2523009,7,0.01327930816585961,0.31949834814999317
2500,456.0,55,2523010,15,0.036592442425967014,0.14920973085859554
2500,456.0,56,2523011,11,0.04134177495277204,0.2898455815216293
2500,456.0,57,2523012,11,0.014132483271219326,0.22111472550803293
2500,456.0,58,2523013,9,0.02368867916781491,0.28840611648573045
2500,456.0,59,2523014,12,0.0229898989416835,0.18588792617515876
2500,456.0,60,2523015,10,0.026201731171254593,0.2233917725049274
2500,456.0,61,2523016,11,0.03024553322912101,0.19144073287449492
2500,456.0,62,2523017,10,0.013661905620159374,0.2373182087378979
2500,456.0,63,2523018,12,0.047751707878347,0.18984997004456086
2500,456.0,64,2523019,9,0.01675702059408325,0.2709950965117503
2500,456.0,65,2523020,8,0.022692091104485144,0.326074044050067
2500,456.0,66,2523021,10,0.029677238390029836,0.26561430826705784
2500,456.0,67,2523022,11,0.03273660900572024,0.2654661769675531
2500,456.0,68,2523023,10,0.013161251259627402,0.3211153612727229
2500,456.0,69,2523024,12,0.03914611528254123,0.22303035030232848
2500,456.0,70,2523025,11,0.026604213257860877,0.24029466592672874
2500,456.0,71,2523026,10,0.01811312442985491,0.2693874746314765
2500,456.0,72,2523027,8,0.0102578852697167,0.23909390512342082
2500,456.0,73,2523028,8,0.011944316609014325,0.3963774557324381
2500,456.0,74,2523029,12,0.028912898026466054,0.13741912211701252
2500,456.0,75,2523030,9,0.008672849969573095,0.28588374896844915
2500,456.0,76,2523031,12,0.034317131967063416,0.2022396145395474
2500,456.0,77,2523032,9,0.023307686489447043,0.2432528390051258
2500,456.0,78,2523033,8,0.008576261823308853,0.2729281094350642
2500,456.0,79,2523034,10,0.038303155493842486,0.2941179692276178
2500,456.0,80,2523035,13,0.031695104229270174,0.25188168043277437
2500,456.0,81,2523036,13,0.031247063765656374,0.25918811006926445
2500,456.0,82,2523037,15,0.05062430876646116,0.2090705766788865
2500,456.0,83,2523038,11,0.027996414379738,0.2575120132435472
2500,456.0,84,2523039,8,0.02306959746528938,0.3962072349747619
2500,456.0,85,2523040,15,0.040306371538155444,0.10410189487531005
2500,456.0,86,2523041,9,0.027536365814543266,0.2176238185566653
2500,456.0,87,2523042,10,0.02849901784578248,0.26216241360683806
2500,456.0,88,2523043,10,0.019550948327070144,0.3417954605017716
2500,456.0,89,2523044,7,0.004306794607065525,0.34467509187823475
2500,456.0,90,2523045,13,0.04398949175890364,0.13708135557452103
2500,456.0,91,2523046,10,0.01527048129505571,0.24803036367190487
2500,456.0,92,2523047,12,0.03317446375116679,0.266873121641031
2500,456.0,93,2523048,8,0.01793870933526255,0.27632150163639024
2500,456.0,94,2523049,8,0.02287771427420879,0.3465118830780371
2500,456.0,95,2523050,7,0.011767577945934419,0.3539843327974649
2500,456.0,96,2523051,10,0.027221194757652546,0.1464573583615854
2500,456.0,97,2523052,8,0.017477594035784746,0.26733838290404305
2500,456.0,98,2523053,11,0.03421102697434977,0.20928345521274458
2500,456.0,99,2523054,11,0.023855745357710137,0.2877556834435451
2500,456.0,100,2523055,9,0.03162948622986425,0.2889601041931581
2500,789.0,1,2523289,11,0.050874928336633055,0.13603387062302563
2500,789.0,2,2523290,10,0.019072740669410667,0.26276275846975483
2500,789.0,3,2523291,12,0.03899318276569318,0.14708757320287916
2500,789.0,4,2523292,13,0.03489944653663256,0.21420925742008312
2500,789.0,5,2523293,5,0.013082788192333087,0.46159183428208095
2500,789.0,6,2523294,9,0.027065470529139525,0.1957896829183208
2500,789.0,7,2523295,9,0.02641659721147646,0.25755325283552505
2500,789.0,8,2523296,11,0.04029535597402022,0.2757987346151471
2500,789.0,9,2523297,11,0.03233938821674204,0.17778707195417692
2500,789.0,10,2523298,10,0.00993589824280294,0.1698312266282366
2500,789.0,11,2523299,11,0.031396385176614854,0.33291171379899415
2500,789.0,12,2523300,9,0.02255885118223406,0.23222095759924083
2500,789.0,13,2523301,9,0.029346997453065394,0.22126970394243212
2500,789.0,14,2523302,6,0.00813375733943528,0.32773140020030095
2500,789.0,15,2523303,11,0.025966635320720542,0.11916570566940614
2500,789.0,16,2523304,11,0.02444921727060036,0.26024597545676265
2500,789.0,17,2523305,13,0.033229886109842635,0.20161778143294068
2500,789.0,18,2523306,13,0.04552974485133727,0.12746331805056102
2500,789.0,19,2523307,9,0.01406386038360125,0.2824407588265609
2500,789.0,20,2523308,11,0.01589693811168332,0.30513415504594865
2500,789.0,21,2523309,10,0.02834324446866187,0.298107147205776
2500,789.0,22,2523310,9,0.01478993005447692,0.324389042379295
2500,789.0,23,2523311,11,0.039360460158335345,0.2251059747641174
2500,789.0,24,2523312,13,0.056388664649698696,0.1745005855051079
2500,789.0,25,2523313,8,0.028586392330887667,0.3158190652784244
2500,789.0,26,2523314,12,0.04465043155992978,0.31117559200731193
2500,789.0,27,2523315,7,0.011300578135198419,0.3081374908831685
2500,789.0,28,2523316,10,0.02024508854777663,0.3377075966533164
2500,789.0,29,2523317,11,0.0433883189592804,0.14511586484120026
2500,789.0,30,2523318,12,0.03919626552676109,0.29834050482770585
2500,789.0,31,2523319,7,0.01983428057761894,0.30239827864272634
2500,789.0,32,2523320,10,0.03950267401541231,0.3232954539452076
2500,789.0,33,2523321,11,0.0266275953552473,0.33305598350605964
2500,789.0,34,2523322,13,0.0316076539305423,0.1643125157624839
2500,789.0,35,2523323,9,0.02105904177468189,0.2918471068003951
2500,789.0,36,2523324,10,0.03735179122054763,0.24764059467324148
2500,789.0,37,2523325,12,0.03973246481901682,0.27291952916402074
2500,789.0,38,2523326,10,0.02499152042430276,0.30674135035043765
2500,789.0,39,2523327,8,0.01398085740283626,0.3156923627395253
2500,789.0,40,2523328,10,0.031681834806905326,0.28071530062070627
2500,789.0,41,2523329,10,0.02054858280127787,0.2763905034484129
2500,789.0,42,2523330,12,0.02991060359172295,0.22209782384853702
2500,789.0,43,2523331,11,0.033159911019617586,0.2108098735896295
2500,789.0,44,2523332,7,0.01443709728494919,0.3752640617930991
2500,789.0,45,2523333,9,0.032948061031887396,0.29497008931393737
2500,789.0,46,2523334,10,0.028791655963639074,0.18480770103056204
2500,789.0,47,2523335,7,0.013839193018902893,0.34440056382640005
2500,789.0,48,2523336,5,0.014309086180710567,0.3685386247964849
2500,789.0,49,2523337,12,0.03643252731697686,0.31635679769218017
2500,789.0,50,2523338,12,0.04333004901422053,0.17486688506349382
2500,789.0,51,2523339,10,0.027150782944123503,0.23335064004873485
2500,789.0,52,2523340,10,0.029501529444156082,0.3157047983090044
2500,789.0,53,2523341,13,0.039217423631626225,0.22008331978235138
2500,789.0,54,2523342,7,0.012337016187570726,0.3704940561863539
2500,789.0,55,2523343,8,0.025516345769499994,0.22020882476972536
2500,789.0,56,2523344,10,0.00974237820282074,0.3398428101714296
2500,789.0,57,2523345,9,0.03508206830600317,0.2662123082093315
2500,789.0,58,2523346,12,0.037444492288582334,0.1506557944936789
2500,789.0,59,2523347,9,0.01994478352377741,0.22885739148750153
2500,789.0,60,2523348,11,0.02192513979055098,0.20557161216675673
2500,789.0,61,2523349,8,0.022710233156239625,0.278871623544589
2500,789.0,62,2523350,6,0.004820969204044751,0.31052722420345147
2500,789.0,63,2523351,9,0.030863573617654672,0.2135265282717537
2500,789.0,64,2523352,8,0.021773094597434192,0.2576899646371092
2500,789.0,65,2523353,9,0.017947520846161923,0.26980828974481963
2500,789.0,66,2523354,13,0.04217511191971558,0.18656494763895165
2500,789.0,67,2523355,13,0.02668815267278065,0.20194455583101378
2500,789.0,68,2523356,10,0.030859713148231417,0.3932227975447126
2500,789.0,69,2523357,13,0.03234660705896565,0.2179749690972649
2500,789.0,70,2523358,8,0.010359614389524558,0.23802633802847467
2500,789.0,71,2523359,9,0.009755036356714247,0.3650708499432017
2500,789.0,72,2523360,11,0.03312332545850659,0.23261604279357492
2500,789.0,73,2523361,13,0.0278545975107945,0.27803640016737574
2500,789.0,74,2523362,13,0.020677310149145096,0.25652387329379117
2500,789.0,75,2523363,10,0.03634274972895224,0.2988532126364914
2500,789.0,76,2523364,9,0.015676881381294108,0.34677819146926125
2500,789.0,77,2523365,12,0.04324219688029153,0.23029577216981156
2500,789.0,78,2523366,9,0.041688424442021955,0.2977967473256932
2500,789.0,79,2523367,10,0.031848146182035776,0.24302716804881105
2500,789.0,80,2523368,9,0.024243340831161676,0.26464496332359844
2500,789.0,81,2523369,10,0.03217986142645642,0.24200475004193991
2500,789.0,82,2523370,10,0.03710350521098605,0.14348046230752223
2500,789.0,83,2523371,9,0.016163458339603892,0.29451182141013366
2500,789.0,84,2523372,9,0.010154805490277734,0.3191904728664562
2500,789.0,85,2523373,8,0.01991987819191995,0.3666159403494926
2500,789.0,86,2523374,11,0.026204771774326986,0.24782275978925764
2500,789.0,87,2523375,8,0.02537792432348186,0.289733447207666
2500,789.0,88,2523376,8,0.030023354204215525,0.2459615160922369
2500,789.0,89,2523377,11,0.03162891951330849,0.19544487041653527
2500,789.0,90,2523378,11,0.041713251257689696,0.18166276511548463
2500,789.0,91,2523379,11,0.027884211304157074,0.2374291654324002
2500,789.0,92,2523380,10,0.03205893989363431,0.1521936589168571
2500,789.0,93,2523381,10,0.02301239440888647,0.34025299396159536
2500,789.0,94,2523382,9,0.023632216810667683,0.25295462884207237
2500,789.0,95,2523383,9,0.025405550521796116,0.1436238548680448
2500,789.0,96,2523384,12,0.028860549654155854,0.2084855827854327
2500,789.0,97,2523385,11,0.027723231927344084,0.17624477516481993
2500,789.0,98,2523386,8,0.018663137560626097,0.33930005112935036
2500,789.0,99,2523387,12,0.040855036039401625,0.33829761256860025
2500,789.0,100,2523388,10,0.03916114643927628,0.15135238874808649
2500,2026.0,1,2524526,10,0.020577088205466224,0.3037815301687935
2500,2026.0,2,2524527,12,0.04330301288303466,0.18924372210523127
2500,2026.0,3,2524528,12,0.023306028670404905,0.19882999150297387
2500,2026.0,4,2524529,7,0.02094611389387384,0.3282563647597223
2500,2026.0,5,2524530,9,0.022208160705989403,0.14241062053480452
2500,2026.0,6,2524531,11,0.03616034585482484,0.2339601598394744
2500,2026.0,7,2524532,9,0.017335418748458824,0.2506874806845117
2500,2026.0,8,2524533,9,0.01779304286135463,0.26344710983282166
2500,2026.0,9,2524534,8,0.012982011723019804,0.3126962196203117
2500,2026.0,10,2524535,11,0.036693335578148155,0.24987857027529067
2500,2026.0,11,2524536,11,0.030607923978424656,0.257320619420041
2500,2026.0,12,2524537,9,0.021229334665351464,0.29133517890567506
2500,2026.0,13,2524538,9,0.01559485160482404,0.3370125888854445
2500,2026.0,14,2524539,10,0.023957699605031635,0.2304266946937754
2500,2026.0,15,2524540,8,0.009282242473423356,0.21887495387854633
2500,2026.0,16,2524541,9,0.019805731016168678,0.23591594607620286
2500,2026.0,17,2524542,11,0.014446897155201394,0.3725868002908838
2500,2026.0,18,2524543,11,0.02306679702536673,0.14613390838759527
2500,2026.0,19,2524544,8,0.02813975361327139,0.22507526089588037
2500,2026.0,20,2524545,10,0.04812186879915179,0.1941280319053513
2500,2026.0,21,2524546,10,0.04173439618567851,0.2876530883440771
2500,2026.0,22,2524547,11,0.02317916634606194,0.2681256873187596
2500,2026.0,23,2524548,13,0.04539271659111406,0.1974373960872606
2500,2026.0,24,2524549,12,0.0448121577599721,0.24329467967271956
2500,2026.0,25,2524550,11,0.03948588464595977,0.19020238335554557
2500,2026.0,26,2524551,12,0.04736628119480534,0.17404404626914055
2500,2026.0,27,2524552,6,0.0049419264718490044,0.3597298989387057
2500,2026.0,28,2524553,11,0.03772739771961331,0.21667465640949782
2500,2026.0,29,2524554,12,0.040982015941404534,0.2913052126393606
2500,2026.0,30,2524555,11,0.026196542984883598,0.18229236735405788
2500,2026.0,31,2524556,11,0.03944341232899697,0.19175318313256157
2500,2026.0,32,2524557,11,0.015905825830396774,0.2370569686271648
2500,2026.0,33,2524558,14,0.04129814645866846,0.14896909388674104
2500,2026.0,34,2524559,8,0.01435068832598973,0.33700988273991206
2500,2026.0,35,2524560,12,0.03018071003370932,0.31480534733474663
2500,2026.0,36,2524561,10,0.02510814374260416,0.19001319426181992
2500,2026.0,37,2524562,9,0.02099287510475461,0.41751252395640537
2500,2026.0,38,2524563,10,0.02983158229356231,0.26700274477531016
2500,2026.0,39,2524564,9,0.03209690039748425,0.22125630406229796
2500,2026.0,40,2524565,11,0.03332261871541514,0.25882178487031626
2500,2026.0,41,2524566,7,0.00708368458919229,0.3384949829795449
2500,2026.0,42,2524567,12,0.03495969040294282,0.1694727883281447
2500,2026.0,43,2524568,11,0.029274651332699603,0.2751186029748548
2500,2026.0,44,2524569,11,0.03652581068081749,0.21698167214114922
2500,2026.0,45,2524570,10,0.030073350466728092,0.23134045590516877
2500,2026.0,46,2524571,8,0.023801770101702188,0.24117476480258623
2500,2026.0,47,2524572,7,0.01150598888189385,0.31048271086377055
2500,2026.0,48,2524573,7,0.017719330913294067,0.22476562821958587
2500,2026.0,49,2524574,13,0.044330832697149186,0.18469583058730515
2500,2026.0,50,2524575,11,0.040916840150275226,0.2172870039463683
2500,2026.0,51,2524576,11,0.04266857491660165,0.2534617105116078
2500,2026.0,52,2524577,8,0.013496677045587014,0.3073700092080982
2500,2026.0,53,2524578,9,0.024109784918749953,0.22706399574020356
2500,2026.0,54,2524579,13,0.04422163683252772,0.22865624809310062
2500,2026.0,55,2524580,13,0.04987042626598156,0.2396439707632141
2500,2026.0,56,2524581,9,0.032538832304217426,0.3776102096469397
2500,2026.0,57,2524582,14,0.033914748187235874,0.18657457299236888
2500,2026.0,58,2524583,9,0.00984373451983525,0.26318049310023217
2500,2026.0,59,2524584,7,0.026598508980825775,0.3239906472207482
2500,2026.0,60,2524585,10,0.03350515764307044,0.24805288527114627
2500,2026.0,61,2524586,11,0.025669970534192326,0.18509889119858533
2500,2026.0,62,2524587,8,0.016718369819811306,0.3547061190698395
2500,2026.0,63,2524588,10,0.03027008655717505,0.1976124213120007
2500,2026.0,64,2524589,10,0.021485268401332233,0.27402056542436765
2500,2026.0,65,2524590,12,0.027725263699132408,0.19091311731284083
2500,2026.0,66,2524591,11,0.03682825891294601,0.3258931702798039
2500,2026.0,67,2524592,9,0.022854183464043477,0.22636322336830203
2500,2026.0,68,2524593,11,0.03617612341304745,0.24167362497042869
2500,2026.0,69,2524594,10,0.03776583994514508,0.28393597597598885
2500,2026.0,70,2524595,8,0.017400087578231943,0.231629701946368
2500,2026.0,71,2524596,9,0.026949142685525375,0.32946460717600884
2500,2026.0,72,2524597,9,0.019948279737372992,0.2879716483299152
2500,2026.0,73,2524598,14,0.04186402248819299,0.18684142538349346
2500,2026.0,74,2524599,9,0.018517222158030783,0.27461524979062346
2500,2026.0,75,2524600,8,0.014659826154200084,0.2912482520924886
2500,2026.0,76,2524601,11,0.036677676226335706,0.3193767898653822
2500,2026.0,77,2524602,11,0.016555527837692492,0.23439615180825188
2500,2026.0,78,2524603,7,0.007762500371327673,0.3471509929806923
2500,2026.0,79,2524604,12,0.022072619987346963,0.22596774832020633
2500,2026.0,80,2524605,10,0.024104134123292036,0.2735628560914459
2500,2026.0,81,2524606,8,0.020946769063672984,0.3094618311871184
2500,2026.0,82,2524607,13,0.038880526704350125,0.19467068707830848
2500,2026.0,83,2524608,10,0.034239132750348344,0.27603277439688234
2500,2026.0,84,2524609,8,0.027743229148307492,0.3274592600853615
2500,2026.0,85,2524610,12,0.03175025494818254,0.18210054572011988
2500,2026.0,86,2524611,11,0.025496593459347065,0.200909578948384
2500,2026.0,87,2524612,13,0.03287092886928164,0.20890949482714832
2500,2026.0,88,2524613,12,0.054640918667738514,0.17156058611968483
2500,2026.0,89,2524614,11,0.020546274366674173,0.23709026620047094
2500,2026.0,90,2524615,8,0.018245228878718548,0.3677293938041702
2500,2026.0,91,2524616,7,0.02281766947710957,0.2696908975447171
2500,2026.0,92,2524617,8,0.009044981749724528,0.19487144858988165
2500,2026.0,93,2524618,8,0.006866060974919279,0.30474548388082345
2500,2026.0,94,2524619,9,0.02144385423995952,0.40693750233623216
2500,2026.0,95,2524620,12,0.03842022901564832,0.19282453985602477
2500,2026.0,96,2524621,12,0.02743041728014538,0.3031932343210907
2500,2026.0,97,2524622,8,0.013643453906162218,0.45722291021312034
2500,2026.0,98,2524623,10,0.029111687974056243,0.2889918858422312
2500,2026.0,99,2524624,10,0.026376135655512077,0.36187231866848435
2500,2026.0,100,2524625,13,0.03210671983076193,0.1470176965830626
5000,42.0,1,5045042,9,0.025565503638968735,0.23116216267545192
5000,42.0,2,5045043,10,0.03406526639590461,0.271537275547837
5000,42.0,3,5045044,12,0.03311946838915775,0.22976259748526684
5000,42.0,4,5045045,14,0.04828685441976986,0.1647572530168902
5000,42.0,5,5045046,14,0.03241981426169273,0.1570482168046173
5000,42.0,6,5045047,12,0.03476662018365105,0.20022829256932254
5000,42.0,7,5045048,10,0.016698142643575616,0.2699232090253857
5000,42.0,8,5045049,10,0.03211809009511281,0.24578171367434215
5000,42.0,9,5045050,10,0.01998387307850546,0.20060986863431993
5000,42.0,10,5045051,9,0.01632298683490433,0.2191072360082275
5000,42.0,11,5045052,9,0.0214425053581332,0.2802573875025822
5000,42.0,12,5045053,8,0.01997870456572949,0.37396860044985974
5000,42.0,13,5045054,9,0.017734926486751217,0.2761467515369789
5000,42.0,14,5045055,11,0.03809759105183193,0.1799704494765765
5000,42.0,15,5045056,11,0.029040609091366788,0.27845967382822095
5000,42.0,16,5045057,11,0.02789197413194568,0.340856245673266
5000,42.0,17,5045058,12,0.03397362627936679,0.1370412974776795
5000,42.0,18,5045059,13,0.044520965388773356,0.18032885868907955
5000,42.0,19,5045060,10,0.018385343247492376,0.24235717255086248
5000,42.0,20,5045061,10,0.027677293061013814,0.34519508117778236
5000,42.0,21,5045062,7,0.016410749417413873,0.3345113236183098
5000,42.0,22,5045063,11,0.02752688783601759,0.25478819914489864
5000,42.0,23,5045064,10,0.0313866422086191,0.18655504081031776
5000,42.0,24,5045065,8,0.026161360145884355,0.2214737426253655
5000,42.0,25,5045066,9,0.018983800719719002,0.2802966990230216
5000,42.0,26,5045067,11,0.027617227992534927,0.31998698028655154
5000,42.0,27,5045068,11,0.045667092777920804,0.2968543398451844
5000,42.0,28,5045069,10,0.026901063622200645,0.2971892330308344
5000,42.0,29,5045070,10,0.03299207954123008,0.28524424832871814
5000,42.0,30,5045071,12,0.028111445620995868,0.22834718696021664
5000,42.0,31,5045072,6,0.018373188346872203,0.3430037410489777
5000,42.0,32,5045073,7,0.020245774966759698,0.4406351800060597
5000,42.0,33,5045074,8,0.02438064024967953,0.34530753088814686
5000,42.0,34,5045075,8,0.020795209919255105,0.2963834310071892
5000,42.0,35,5045076,7,0.00636597613138546,0.38884368116023205
5000,42.0,36,5045077,13,0.028653613014376845,0.25589372677947
5000,42.0,37,5045078,10,0.03965817871086448,0.21297441259490046
5000,42.0,38,5045079,10,0.02685426374432272,0.21423886100368517
5000,42.0,39,5045080,10,0.01730891824783226,0.2718276112901213
5000,42.0,40,5045081,10,0.024841668722823017,0.19133595833884406
5000,42.0,41,5045082,12,0.036789875588916124,0.17151439385690548
5000,42.0,42,5045083,9,0.028802898149793466,0.38817328177144683
5000,42.0,43,5045084,8,0.02290204270045332,0.3333586825527388
5000,42.0,44,5045085,16,0.061875210791131584,0.10111378613619108
5000,42.0,45,5045086,13,0.044420909675578935,0.20359939320142284
5000,42.0,46,5045087,13,0.04600722448169468,0.24162570104230227
5000,42.0,47,5045088,8,0.008903064212072428,0.2613853234923845
5000,42.0,48,5045089,10,0.02538155847018695,0.1617084004580904
5000,42.0,49,5045090,9,0.029952721416961637,0.27693723831349953
5000,42.0,50,5045091,11,0.015600986036290787,0.2443944720304851
5000,42.0,51,5045092,11,0.03236111330334903,0.24817380819607965
5000,42.0,52,5045093,7,0.008943544905197344,0.4276041619531764
5000,42.0,53,5045094,10,0.027139014625976614,0.2521208646665101
5000,42.0,54,5045095,9,0.018335513302747183,0.33752935651693283
5000,42.0,55,5045096,11,0.03285210011260999,0.23285888058798151
5000,42.0,56,5045097,12,0.03338095226445747,0.1662232412833323
5000,42.0,57,5045098,10,0.012525331100629419,0.2674978240339224
5000,42.0,58,5045099,13,0.03156094411725493,0.22881382287538016
5000,42.0,59,5045100,9,0.01953563305084847,0.2805858968423451
5000,42.0,60,5045101,11,0.021586009208423185,0.2577975257967625
5000,42.0,61,5045102,9,0.03464495446940617,0.2955994912942086
5000,42.0,62,5045103,7,0.014783126880331437,0.2990423663320146
5000,42.0,63,5045104,13,0.04384093585278025,0.2420863997923565
5000,42.0,64,5045105,11,0.03773962905681206,0.19680520414381503
5000,42.0,65,5045106,7,0.013373713771049251,0.34071636370484043
5000,42.0,66,5045107,10,0.019728697413548185,0.2999500422502583
5000,42.0,67,5045108,11,0.024652003738543714,0.22579953646563394
5000,42.0,68,5045109,10,0.01605061581993737,0.1904555678783872
5000,42.0,69,5045110,11,0.037400367910212215,0.1766297626677837
5000,42.0,70,5045111,13,0.03281776915417321,0.21876585328167103
5000,42.0,71,5045112,8,0.023293315270987602,0.23476552809024978
5000,42.0,72,5045113,12,0.02162934878978341,0.1568131327485654
5000,42.0,73,5045114,11,0.013804284164049501,0.1705953140094854
5000,42.0,74,5045115,12,0.04726375546932639,0.25827967896678117
5000,42.0,75,5045116,11,0.020056169369280737,0.195986607052163
5000,42.0,76,5045117,11,0.03311338040860977,0.21399520413285597
5000,42.0,77,5045118,9,0.031590857079575964,0.2633840298768276
5000,42.0,78,5045119,11,0.016330723772119388,0.3105422281414961
5000,42.0,79,5045120,12,0.03574542761328724,0.22399101872836957
5000,42.0,80,5045121,11,0.03758673116753958,0.2607696300330057
5000,42.0,81,5045122,10,0.020441826877651843,0.2214030525569403
5000,42.0,82,5045123,10,0.024705427882458365,0.2639704967881905
5000,42.0,83,5045124,8,0.017845958724181998,0.31204519539315834
5000,42.0,84,5045125,8,0.0212162130230949,0.34142080821617493
5000,42.0,85,5045126,12,0.031007105939175265,0.19423543572581703
5000,42.0,86,5045127,13,0.055586076696587605,0.2110109011437315
5000,42.0,87,5045128,13,0.03172571311182792,0.22905447517424413
5000,42.0,88,5045129,12,0.0328457947829758,0.2572121521109978
5000,42.0,89,5045130,11,0.041480685175178,0.1976782195342588
5000,42.0,90,5045131,10,0.03491291505988843,0.28355149954505826
5000,42.0,91,5045132,11,0.02038086354657472,0.2324061070038403
5000,42.0,92,5045133,9,0.017102798397768026,0.23074485727075342
5000,42.0,93,5045134,12,0.04190535067077657,0.22123611807675192
5000,42.0,94,5045135,12,0.03774939855646599,0.22971355369135557
5000,42.0,95,5045136,12,0.028425902795302292,0.17976332529485337
5000,42.0,96,5045137,10,0.03084456080319879,0.2282802142150783
5000,42.0,97,5045138,8,0.018237639875601053,0.32386512578219284
5000,42.0,98,5045139,11,0.02650248402525649,0.2912218827870514
5000,42.0,99,5045140,12,0.03773548494927205,0.19517843038986887
5000,42.0,100,5045141,9,0.020029300383321565,0.31524393443985005
5000,123.0,1,5045123,10,0.024705427882458365,0.2639704967881905
5000,123.0,2,5045124,8,0.017845958724181998,0.31204519539315834
5000,123.0,3,5045125,8,0.0212162130230949,0.34142080821617493
5000,123.0,4,5045126,12,0.031007105939175265,0.19423543572581703
5000,123.0,5,5045127,13,0.055586076696587605,0.2110109011437315
5000,123.0,6,5045128,13,0.03172571311182792,0.22905447517424413
5000,123.0,7,5045129,12,0.0328457947829758,0.2572121521109978
5000,123.0,8,5045130,11,0.041480685175178,0.1976782195342588
5000,123.0,9,5045131,10,0.03491291505988843,0.28355149954505826
5000,123.0,10,5045132,11,0.02038086354657472,0.2324061070038403
5000,123.0,11,5045133,9,0.017102798397768026,0.23074485727075342
5000,123.0,12,5045134,12,0.04190535067077657,0.22123611807675192
5000,123.0,13,5045135,12,0.03774939855646599,0.22971355369135557
5000,123.0,14,5045136,12,0.028425902795302292,0.17976332529485337
5000,123.0,15,5045137,10,0.03084456080319879,0.2282802142150783
5000,123.0,16,5045138,8,0.018237639875601053,0.32386512578219284
5000,123.0,17,5045139,11,0.02650248402525649,0.2912218827870514
5000,123.0,18,5045140,12,0.03773548494927205,0.19517843038986887
5000,123.0,19,5045141,9,0.020029300383321565,0.31524393443985005
5000,123.0,20,5045142,11,0.03335781519248213,0.26156446120623955
5000,123.0,21,5045143,10,0.02945619091928591,0.1833604412259689
5000,123.0,22,5045144,14,0.03881186800468689,0.15518130379601858
5000,123.0,23,5045145,13,0.040180593480934286,0.18273070647577117
5000,123.0,24,5045146,12,0.03930646126850886,0.22515867371701911
5000,123.0,25,5045147,12,0.05178598258749417,0.28765000200974483
5000,123.0,26,5045148,11,0.03512530349286793,0.18695612261194247
5000,123.0,27,5045149,8,0.016799056253753174,0.2287018701224325
5000,123.0,28,5045150,9,0.030653878305344405,0.2652923881366038
5000,123.0,29,5045151,10,0.03400413124546532,0.29511198366526437
5000,123.0,30,5045152,12,0.03645618259958576,0.19683719973125385
5000,123.0,31,5045153,10,0.023354003816216724,0.31776275725040926
5000,123.0,32,5045154,9,0.03545199434620126,0.3029699676124369
5000,123.0,33,5045155,11,0.04013808538228789,0.19134103721713935
5000,123.0,34,5045156,9,0.02811844290711138,0.23763918251387067
5000,123.0,35,5045157,10,0.019736169599950983,0.21578192349434824
5000,123.0,36,5045158,10,0.028277320238825555,0.30325261164398026
5000,123.0,37,5045159,11,0.021822472807081925,0.25740954483570166
5000,123.0,38,5045160,10,0.028635439056324447,0.25597669908269316
5000,123.0,39,5045161,8,0.01643608818109991,0.25655144175288597
5000,123.0,40,5045162,11,0.03155317936482544,0.2936643093552367
5000,123.0,41,5045163,10,0.026361838751625972,0.21804001927607414
5000,123.0,42,5045164,12,0.047086374752067395,0.20989372123278466
5000,123.0,43,5045165,10,0.024571054509172657,0.2952710369067745
5000,123.0,44,5045166,11,0.051474100589249394,0.2393948208117192
5000,123.0,45,5045167,13,0.029287144350868842,0.2194465289344112
5000,123.0,46,5045168,9,0.0175822494776894,0.3310243983042655
5000,123.0,47,5045169,9,0.023347147982782236,0.31428162702092655
5000,123.0,48,5045170,11,0.03354568009872271,0.15003406271004222
5000,123.0,49,5045171,10,0.03663687440169239,0.2547066198228488
5000,123.0,50,5045172,9,0.00928136868480879,0.24826564444212762
5000,123.0,51,5045173,15,0.028291729855003667,0.18843470300224702
5000,123.0,52,5045174,11,0.045217544984004,0.21561330268286422
5000,123.0,53,5045175,11,0.04087499857433996,0.2528807926551873
5000,123.0,54,5045176,10,0.02994098639653069,0.34314841943251906
5000,123.0,55,5045177,11,0.026346247464954148,0.23024567251455644
5000,123.0,56,5045178,13,0.030543574205637643,0.21687863794032988
5000,123.0,57,5045179,11,0.022937373664828183,0.3016960373282153
5000,123.0,58,5045180,5,0.012449238576737055,0.3786557873439653
5000,123.0,59,5045181,8,0.013718269577484172,0.35100725857523923
5000,123.0,60,5045182,10,0.04320372554452747,0.21421148723582523
5000,123.0,61,5045183,14,0.05073719449258083,0.058739858114129885
5000,123.0,62,5045184,8,0.013202601904426747,0.29205323217470747
5000,123.0,63,5045185,12,0.027422324866239016,0.21190833156233477
5000,123.0,64,5045186,6,0.017363655273813006,0.3022930072133451
5000,123.0,65,5045187,10,0.04181616421871539,0.1136644560414813
5000,123.0,66,5045188,11,0.021402723798011333,0.19579057455444043
5000,123.0,67,5045189,10,0.028876272531655478,0.19541447813899288
5000,123.0,68,5045190,8,0.019632890676904796,0.1549496620521063
5000,123.0,69,5045191,8,0.018043970080374633,0.29540752790016594
5000,123.0,70,5045192,11,0.0391086942566257,0.15383232156021104
5000,123.0,71,5045193,10,0.030066269730343174,0.22991904158281312
5000,123.0,72,5045194,13,0.029327768348007616,0.18494281698121698
5000,123.0,73,5045195,9,0.031143535955317003,0.3285013293690677
5000,123.0,74,5045196,11,0.023360128293348437,0.25598309770150984
5000,123.0,75,5045197,9,0.022146910996732126,0.34908730348205075
5000,123.0,76,5045198,14,0.04514193096243286,0.10451806829710641
5000,123.0,77,5045199,13,0.031161990182809747,0.22310439515297312
5000,123.0,78,5045200,9,0.010649017559100148,0.3506271777845166
5000,123.0,79,5045201,14,0.03906804646343168,0.16069984205214594
5000,123.0,80,5045202,7,0.02162375049228879,0.257642741032477
5000,123.0,81,5045203,9,0.03199382904852101,0.1879873311049385
5000,123.0,82,5045204,10,0.01820559894965402,0.20303893242953971
5000,123.0,83,5045205,11,0.020264465525875894,0.2288864026551415
5000,123.0,84,5045206,14,0.038408305285003726,0.19716976876250641
5000,123.0,85,5045207,9,0.022786218309745036,0.26808002817721566
5000,123.0,86,5045208,13,0.03314373252726265,0.18541377206780504
5000,123.0,87,5045209,11,0.04537765355023017,0.17129614756277806
5000,123.0,88,5045210,7,0.016445503037603885,0.37023332162679157
5000,123.0,89,5045211,10,0.013564987890308184,0.2605943406511838
5000,123.0,90,5045212,10,0.04547873945670947,0.14025295580426583
5000,123.0,91,5045213,12,0.04307082814526816,0.1380238656796169
5000,123.0,92,5045214,7,0.005959847255432865,0.2867568283864166
5000,123.0,93,5045215,12,0.03579507991781333,0.31929258692969453
5000,123.0,94,5045216,9,0.02815806842405123,0.31515580028985024
5000,123.0,95,5045217,10,0.0260990504423046,0.25220317175008466
5000,123.0,96,5045218,10,0.0271997974942971,0.3330115842908853
5000,123.0,97,5045219,11,0.029983674445077057,0.1764310705787775
5000,123.0,98,5045220,9,0.02537360277730698,0.3226676992648738
5000,123.0,99,5045221,7,0.007403312873661772,0.23762481859236093
5000,123.0,100,5045222,11,0.02733666723496666,0.27705870986160464
5000,456.0,1,5045456,8,0.012153966825890934,0.24136541266970482
5000,456.0,2,5045457,12,0.04277315447561332,0.27235457468298946
5000,456.0,3,5045458,8,0.023737565480871428,0.3771353715174122
5000,456.0,4,5045459,9,0.033809072207496495,0.30367611570139713
5000,456.0,5,5045460,6,0.011850059139984461,0.291199144528251
5000,456.0,6,5045461,11,0.026882328625818692,0.3382905251435556
5000,456.0,7,5045462,10,0.021127947281557438,0.2943281955311896
5000,456.0,8,5045463,12,0.044373753206835655,0.2093926600170115
5000,456.0,9,5045464,9,0.015729807149234713,0.33987703492530263
5000,456.0,10,5045465,7,0.013569720611975344,0.41134130622642323
5000,456.0,11,5045466,8,0.0154456190240433,0.3109462905885312
5000,456.0,12,5045467,10,0.030808030633430277,0.3237561435079396
5000,456.0,13,5045468,15,0.028123488181389027,0.15097383121846925
5000,456.0,14,5045469,11,0.043978748248477716,0.21597514076092555
5000,456.0,15,5045470,9,0.01580196092471223,0.29761693688432
5000,456.0,16,5045471,10,0.023377925610307097,0.29985725104102456
5000,456.0,17,5045472,7,0.012864249648539699,0.4003268360005034
5000,456.0,18,5045473,12,0.03354712135575744,0.22063845260952958
5000,456.0,19,5045474,10,0.034312166000561146,0.29769720616895184
5000,456.0,20,5045475,12,0.04684819822935245,0.21024800318205653
5000,456.0,21,5045476,11,0.02863421466200177,0.27545540897173726
5000,456.0,22,5045477,11,0.030547832786718042,0.22931294584700207
5000,456.0,23,5045478,8,0.02063262602449511,0.29652228902732486
5000,456.0,24,5045479,12,0.025925577654825116,0.1961978082188853
5000,456.0,25,5045480,12,0.017296308690290207,0.19779182675895918
5000,456.0,26,5045481,9,0.033079773725525605,0.2502642614265945
5000,456.0,27,5045482,10,0.02275320510809493,0.3202258413142834
5000,456.0,28,5045483,11,0.03279068149262443,0.30494150248296986
5000,456.0,29,5045484,9,0.027212063804880608,0.30114816333895905
5000,456.0,30,5045485,5,0.011247922295805136,0.3862891040572186
5000,456.0,31,5045486,7,0.016379463530780708,0.29528349586606606
5000,456.0,32,5045487,13,0.04094565412200901,0.14125872132779213
5000,456.0,33,5045488,8,0.01111392694356472,0.38111441671495194
5000,456.0,34,5045489,10,0.029222527006090293,0.20516686458844496
5000,456.0,35,5045490,10,0.022066976718653698,0.2361393869882778
5000,456.0,36,5045491,12,0.03907701651508384,0.2392453703081327
5000,456.0,37,5045492,10,0.01947516839377847,0.2454862997338123
5000,456.0,38,5045493,8,0.01596770054987325,0.37330782148937514
5000,456.0,39,5045494,7,0.022464223657676134,0.2835869739813035
5000,456.0,40,5045495,10,0.03376136197227364,0.3609322262058464
5000,456.0,41,5045496,13,0.02730172710255698,0.22196259853946243
5000,456.0,42,5045497,9,0.01959648922567168,0.222902274131049
5000,456.0,43,5045498,10,0.03619213863633945,0.20277763108573893
5000,456.0,44,5045499,12,0.024121784277118585,0.23498702537740318
5000,456.0,45,5045500,9,0.02208933067126007,0.3010914892102685
5000,456.0,46,5045501,9,0.016148681260307333,0.309191027328665
5000,456.0,47,5045502,9,0.023577063061611413,0.3083819019561299
5000,456.0,48,5045503,11,0.02924784702291385,0.30783497913104607
5000,456.0,49,5045504,10,0.03738647589124234,0.216460946311962
5000,456.0,50,5045505,11,0.03656718138902272,0.2770085680561361
5000,456.0,51,5045506,11,0.025269144734573267,0.31926705668082833
5000,456.0,52,5045507,12,0.020780316280239703,0.2096066276516174
5000,456.0,53,5045508,13,0.044776993573227564,0.182980612147754
5000,456.0,54,5045509,9,0.03628084492185034,0.2637021502561506
5000,456.0,55,5045510,12,0.03144023621731052,0.29019817503574796
5000,456.0,56,5045511,13,0.040837694214665175,0.1760253682107183
5000,456.0,57,5045512,10,0.02649562405471827,0.256159468541993
5000,456.0,58,5045513,7,0.008448418436264756,0.2811312228225855
5000,456.0,59,5045514,11,0.03072653219166216,0.23875630842211812
5000,456.0,60,5045515,8,0.024785586930560162,0.3285988131434535
5000,456.0,61,5045516,11,0.025215073067661808,0.21880809191312572
5000,456.0,62,5045517,11,0.01997661439326407,0.2936952577339833
5000,456.0,63,5045518,10,0.03760825554922061,0.1818394806303111
5000,456.0,64,5045519,11,0.05219020784418478,0.18967463690021574
5000,456.0,65,5045520,12,0.03434026079532477,0.2049242059665019
5000,456.0,66,5045521,8,0.015473368849642625,0.265885288860965
5000,456.0,67,5045522,12,0.03311903522513087,0.1840568714208572
5000,456.0,68,5045523,11,0.02697480293067911,0.21093077722221615
5000,456.0,69,5045524,12,0.03337773942944638,0.2606055246139297
5000,456.0,70,5045525,11,0.03432065018577132,0.14650956031510298
5000,456.0,71,5045526,12,0.04346228453069785,0.18106972268380264
5000,456.0,72,5045527,10,0.026198610643238952,0.3246485584091535
5000,456.0,73,5045528,8,0.006413912313091764,0.2846481951048315
5000,456.0,74,5045529,11,0.03831770402768782,0.2095682388080721
5000,456.0,75,5045530,13,0.046552061944916776,0.2042822039125824
5000,456.0,76,5045531,8,0.008386492472028323,0.3121039770127431
5000,456.0,77,5045532,8,0.01425912588349354,0.19338673043756216
5000,456.0,78,5045533,14,0.03327891499978983,0.12583874706124595
5000,456.0,79,5045534,7,0.01992219072265724,0.45198556919774785
5000,456.0,80,5045535,10,0.02431466115193609,0.2085364060469475
5000,456.0,81,5045536,13,0.0324105991996821,0.25259764467723755
5000,456.0,82,5045537,10,0.026118342154618744,0.23465316416742854
5000,456.0,83,5045538,6,0.00496930084510658,0.49646212598529826
5000,456.0,84,5045539,14,0.041335356361772393,0.1076551238595906
5000,456.0,85,5045540,9,0.019253535020230788,0.33637225214371486
5000,456.0,86,5045541,9,0.016076778689609588,0.19979726141159762
5000,456.0,87,5045542,9,0.019639278611306515,0.24445962339598276
5000,456.0,88,5045543,10,0.03635946582739038,0.27863077756494004
5000,456.0,89,5045544,10,0.025479502815938294,0.3397251718753391
5000,456.0,90,5045545,10,0.027106398969727087,0.2434899274619756
5000,456.0,91,5045546,13,0.03336677057091665,0.1140488122488029
5000,456.0,92,5045547,11,0.01856033681523429,0.20674251294350438
5000,456.0,93,5045548,10,0.02855176146383004,0.28959295999547086
5000,456.0,94,5045549,10,0.024784053841480608,0.2561939390826109
5000,456.0,95,5045550,8,0.023393978758351263,0.3517068672685556
5000,456.0,96,5045551,8,0.021230874257272513,0.2861103071732544
5000,456.0,97,5045552,6,0.010865592824038631,0.3660633096411855
5000,456.0,98,5045553,13,0.043330899355195504,0.21814443797586391
5000,456.0,99,5045554,13,0.04702199549035095,0.18861723626367927
5000,456.0,100,5045555,10,0.025649066109778136,0.22535252149291649
5000,789.0,1,5045789,11,0.035446303919409464,0.1539621430477647
5000,789.0,2,5045790,8,0.017166072948396754,0.2857266515550997
5000,789.0,3,5045791,10,0.034428933411233806,0.21680928371332944
5000,789.0,4,5045792,9,0.02017254377823014,0.2637571538640197
5000,789.0,5,5045793,14,0.037970126664957624,0.199015761159056
5000,789.0,6,5045794,7,0.022446506640456283,0.2673173724550952
5000,789.0,7,5045795,9,0.028754587303222456,0.18200524951540584
5000,789.0,8,5045796,8,0.028010266352808295,0.3826083126781446
5000,789.0,9,5045797,6,0.01054759737636626,0.2709039647791819
5000,789.0,10,5045798,10,0.019645173826051975,0.2668767305678135
5000,789.0,11,5045799,11,0.018953661709838074,0.2967376935601581
5000,789.0,12,5045800,11,0.03703278821786425,0.2394820073445611
5000,789.0,13,5045801,10,0.0096803849195442,0.26265454212746514
5000,789.0,14,5045802,10,0.009994239149616415,0.2578132075458619
5000,789.0,15,5045803,9,0.02832639761239944,0.2672460584916078
5000,789.0,16,5045804,7,0.016629444646559306,0.30375071118533703
5000,789.0,17,5045805,12,0.0258544612607505,0.07738093426275935
5000,789.0,18,5045806,11,0.02684755833029818,0.18368448983690175
5000,789.0,19,5045807,8,0.02281287370835793,0.32466963279866634
5000,789.0,20,5045808,12,0.02981422080306797,0.21933846535552365
5000,789.0,21,5045809,10,0.02293229777460331,0.22544182364179105
5000,789.0,22,5045810,11,0.032409332955705326,0.1965265893520703
5000,789.0,23,5045811,10,0.020315962052828755,0.34320276803403266
5000,789.0,24,5045812,13,0.041931888861899164,0.2522612236045083
5000,789.0,25,5045813,10,0.026142663993506576,0.2716329761049234
5000,789.0,26,5045814,7,0.020459876135215972,0.2276309354180536
5000,789.0,27,5045815,9,0.02598831463026291,0.29509327722963996
5000,789.0,28,5045816,10,0.0435882570460291,0.22266877548873193
5000,789.0,29,5045817,9,0.0201577754518684,0.28962712499499244
5000,789.0,30,5045818,11,0.03611658022937929,0.32533078067185234
5000,789.0,31,5045819,8,0.01718640452061747,0.26897002800942194
5000,789.0,32,5045820,11,0.046829765811745,0.16973605923448648
5000,789.0,33,5045821,9,0.031435888712167535,0.19542151959924892
5000,789.0,34,5045822,5,0.0019306304950957552,0.3618587484927632
5000,789.0,35,5045823,7,0.02164040955176271,0.2606901393491002
5000,789.0,36,5045824,7,0.014533651720911384,0.3621585444535818
5000,789.0,37,5045825,7,0.004197930199660178,0.29341299783899655
5000,789.0,38,5045826,9,0.016622378707164764,0.2394094873887796
5000,789.0,39,5045827,11,0.026249663137035896,0.25203477673227803
5000,789.0,40,5045828,10,0.02693473720183645,0.144209417927478
5000,789.0,41,5045829,9,0.020841384825330683,0.29802055011350176
5000,789.0,42,5045830,11,0.0410013062990624,0.30572532720841367
5000,789.0,43,5045831,8,0.010710507253246206,0.2754036959261311
5000,789.0,44,5045832,10,0.02267223753804757,0.2804529280396336
5000,789.0,45,5045833,9,0.02714905718506218,0.3323676623441415
5000,789.0,46,5045834,11,0.03905487979093625,0.24115717501173806
5000,789.0,47,5045835,11,0.02472772222714547,0.33591166371542525
5000,789.0,48,5045836,12,0.04146923653927716,0.17136046835643232
5000,789.0,49,5045837,8,0.01741421809136271,0.2587786535577713
5000,789.0,50,5045838,9,0.026299823318740746,0.3277821292572934
5000,789.0,51,5045839,7,0.01315569241220324,0.3086824068762971
5000,789.0,52,5045840,13,0.032994595882226224,0.16639314330409402
5000,789.0,53,5045841,10,0.019790433415907444,0.30221048987860194
5000,789.0,54,5045842,8,0.014706071123646799,0.31933026791448355
5000,789.0,55,5045843,9,0.03062647400332256,0.2724946700782947
5000,789.0,56,5045844,9,0.020317741927842425,0.312171351661354
5000,789.0,57,5045845,10,0.014786400979759945,0.2084274664088604
5000,789.0,58,5045846,11,0.036084373495933554,0.1975658469400687
5000,789.0,59,5045847,8,0.021287593164170688,0.2985765859784889
5000,789.0,60,5045848,11,0.03554247883761576,0.25444360907877867
5000,789.0,61,5045849,10,0.036617265583229856,0.24831862024197923
5000,789.0,62,5045850,12,0.027639492741266238,0.15961455648492626
5000,789.0,63,5045851,8,0.018708351166552176,0.41713645771254626
5000,789.0,64,5045852,12,0.028265166767635026,0.256677015222579
5000,789.0,65,5045853,11,0.021341477407318354,0.22771926180516808
5000,789.0,66,5045854,10,0.04366910784495294,0.28243596607579236
5000,789.0,67,5045855,10,0.022365471076369926,0.24007968138104768
5000,789.0,68,5045856,10,0.03568126416505269,0.2950697216818754
5000,789.0,69,5045857,9,0.019804552927320578,0.334971484872541
5000,789.0,70,5045858,14,0.04382242489636952,0.24063473528239512
5000,789.0,71,5045859,10,0.03220392036378851,0.17768741562688506
5000,789.0,72,5045860,9,0.037359642705815,0.246445189244154
5000,789.0,73,5045861,11,0.020076870807836218,0.19333641479140345
5000,789.0,74,5045862,10,0.025446460006583425,0.26609796062968705
5000,789.0,75,5045863,10,0.03498496497576237,0.18583881395868568
5000,789.0,76,5045864,9,0.022465559915692372,0.3318305131649958
5000,789.0,77,5045865,9,0.017676441682989985,0.3468889993228522
5000,789.0,78,5045866,14,0.03610776775419433,0.19032368750457188
5000,789.0,79,5045867,10,0.025449821009619688,0.22738954787504148
5000,789.0,80,5045868,9,0.026185961805518874,0.3277996951387441
5000,789.0,81,5045869,11,0.026473948181666884,0.33312852257078174
5000,789.0,82,5045870,9,0.0102932950130417,0.2807041953490027
5000,789.0,83,5045871,11,0.02813434803601428,0.24284097340475067
5000,789.0,84,5045872,7,0.012828012942116565,0.30579176347852755
5000,789.0,85,5045873,10,0.02821891294028168,0.2964564618922847
5000,789.0,86,5045874,14,0.04582067888746296,0.2140924900620682
5000,789.0,87,5045875,12,0.03521453907675569,0.30312038531816266
5000,789.0,88,5045876,12,0.03401115118947169,0.2590795917389641
5000,789.0,89,5045877,8,0.014768782536269214,0.3096235994258684
5000,789.0,90,5045878,9,0.01165409753229829,0.25486545809713956
5000,789.0,91,5045879,8,0.027690418007422297,0.28522738403573367
5000,789.0,92,5045880,9,0.03225643322962425,0.3796929203811941
5000,789.0,93,5045881,8,0.014638970452901023,0.28068726280845063
5000,789.0,94,5045882,10,0.03366535255062719,0.21439650731517523
5000,789.0,95,5045883,12,0.04158504075655539,0.22332587831473466
5000,789.0,96,5045884,10,0.02927396323178727,0.2964392287670754
5000,789.0,97,5045885,11,0.03998204140033946,0.13739407010193266
5000,789.0,98,5045886,10,0.027258053522937642,0.18790187396768346
5000,789.0,99,5045887,10,0.022118474916836918,0.23089996852283204
5000,789.0,100,5045888,9,0.040114991488323634,0.28770299759753903
5000,2026.0,1,5047026,11,0.030900362760924033,0.24646991375497254
5000,2026.0,2,5047027,10,0.04095970744552353,0.24713386746750005
5000,2026.0,3,5047028,9,0.03691166932047153,0.23801493379821395
5000,2026.0,4,5047029,10,0.04008102204597919,0.2277251348213846
5000,2026.0,5,5047030,11,0.031991316243398946,0.2641780775981092
5000,2026.0,6,5047031,11,0.024396123943276823,0.1951554758951338
5000,2026.0,7,5047032,10,0.0267315258512984,0.18384744781468024
5000,2026.0,8,5047033,8,0.02759138004253899,0.19823613355782793
5000,2026.0,9,5047034,12,0.03585106471657154,0.21223098811134852
5000,2026.0,10,5047035,8,0.01092831566511506,0.2797737324385281
5000,2026.0,11,5047036,7,0.009800806060189876,0.27480807987230094
5000,2026.0,12,5047037,10,0.03298373052521801,0.27381948024293273
5000,2026.0,13,5047038,8,0.027205258743543476,0.3379207770610095
5000,2026.0,14,5047039,11,0.017456939386199643,0.20304817230132194
5000,2026.0,15,5047040,11,0.03722380496759196,0.3114253075422598
5000,2026.0,16,5047041,11,0.024911805338001133,0.24534277556042133
5000,2026.0,17,5047042,14,0.03654870357524583,0.19854104312241222
5000,2026.0,18,5047043,10,0.024978226888137646,0.21458734802990936
5000,2026.0,19,5047044,9,0.011197338589176124,0.34715565251978636
5000,2026.0,20,5047045,9,0.02994409102339695,0.2441116754721339
5000,2026.0,21,5047046,12,0.037703853124897733,0.21982732347782802
5000,2026.0,22,5047047,9,0.0339668929111633,0.3722258705218241
5000,2026.0,23,5047048,10,0.03452146898633281,0.33810357849876377
5000,2026.0,24,5047049,11,0.036491311745624526,0.24021555522862528
5000,2026.0,25,5047050,8,0.021275788918076945,0.29789007222787556
5000,2026.0,26,5047051,8,0.026166280716352196,0.3123926738295549
5000,2026.0,27,5047052,8,0.015587365659577728,0.19411981806588832
5000,2026.0,28,5047053,10,0.034207207205796966,0.24873851720702694
5000,2026.0,29,5047054,11,0.031263959215909215,0.332268873891007
5000,2026.0,30,5047055,10,0.017997226378638095,0.2761785119397217
5000,2026.0,31,5047056,14,0.025071795843320623,0.1418943914077606
5000,2026.0,32,5047057,12,0.0364445129672866,0.18823090480026167
5000,2026.0,33,5047058,9,0.012126870804965054,0.3136610516436528
5000,2026.0,34,5047059,10,0.0328369778697883,0.3189735264622716
5000,2026.0,35,5047060,9,0.029179484849179954,0.302491226743815
5000,2026.0,36,5047061,9,0.013795403087130434,0.25715133972991266
5000,2026.0,37,5047062,10,0.03518502467401616,0.2647866012116788
5000,2026.0,38,5047063,9,0.025552251241791057,0.4149271882436759
5000,2026.0,39,5047064,9,0.006398468177673091,0.23034719453009314
5000,2026.0,40,5047065,9,0.01822958564979409,0.30677555801250506
5000,2026.0,41,5047066,7,0.012724901615620742,0.2985953359768535
5000,2026.0,42,5047067,7,0.020381688429218614,0.3006661575323441
5000,2026.0,43,5047068,11,0.03388565296865497,0.21892083420363645
5000,2026.0,44,5047069,9,0.029874107252761784,0.34240883540470496
5000,2026.0,45,5047070,12,0.04315984843274071,0.2640116286868644
5000,2026.0,46,5047071,11,0.027691944159841837,0.23462553945450373
5000,2026.0,47,5047072,12,0.029878682927949356,0.21910713087833705
5000,2026.0,48,5047073,8,0.03736272624974772,0.2523042080868766
5000,2026.0,49,5047074,13,0.049772354702862245,0.23984583809271207
5000,2026.0,50,5047075,15,0.055508417193336865,0.10670160861733384
5000,2026.0,51,5047076,13,0.028980456229258333,0.21637509878216027
5000,2026.0,52,5047077,9,0.03082451907937961,0.211080575608572
5000,2026.0,53,5047078,10,0.032971079545603535,0.2513818632230398
5000,2026.0,54,5047079,10,0.03272063838634252,0.20855179165802026
5000,2026.0,55,5047080,10,0.03434025398992475,0.2535342070835475
5000,2026.0,56,5047081,15,0.06373489394370493,0.09648415562545379
5000,2026.0,57,5047082,9,0.027242434153908767,0.14579150965368726
5000,2026.0,58,5047083,12,0.03764153633899565,0.221001079073014
5000,2026.0,59,5047084,10,0.028591746409499113,0.1321162478674172
5000,2026.0,60,5047085,9,0.012830948536737927,0.24278529709056468
5000,2026.0,61,5047086,11,0.027308014614510608,0.2664752843139236
5000,2026.0,62,5047087,11,0.03568321756171036,0.16617429389335364
5000,2026.0,63,5047088,13,0.04227530432360817,0.24757544408518464
5000,2026.0,64,5047089,6,0.006968934510449669,0.2911212221660716
5000,2026.0,65,5047090,10,0.027893534708943197,0.23232105248122234
5000,2026.0,66,5047091,11,0.03446612551160642,0.33361672031218575
5000,2026.0,67,5047092,7,0.0062103169007582905,0.2522423309616311
5000,2026.0,68,5047093,12,0.03080067082805964,0.21708016399544788
5000,2026.0,69,5047094,10,0.024793172485659466,0.22455108938975804
5000,2026.0,70,5047095,13,0.029561287447748684,0.19667574643524643
5000,2026.0,71,5047096,9,0.0337999645216833,0.281316355668378
5000,2026.0,72,5047097,8,0.017637007149725176,0.3286526840311795
5000,2026.0,73,5047098,9,0.02158907323256723,0.19080479187379842
5000,2026.0,74,5047099,11,0.016684339171787334,0.2988979274626039
5000,2026.0,75,5047100,11,0.028768073557173635,0.11553204236381216
5000,2026.0,76,5047101,7,0.010451234224429994,0.3435718680054448
5000,2026.0,77,5047102,10,0.028060323575850164,0.32898870063632574
5000,2026.0,78,5047103,10,0.02169633283603113,0.2857162724116014
5000,2026.0,79,5047104,12,0.039084310731951344,0.2636895790219752
5000,2026.0,80,5047105,6,0.009597534846168553,0.3407916853734131
5000,2026.0,81,5047106,10,0.02347598460682967,0.3470204651536479
5000,2026.0,82,5047107,8,0.02726132764421609,0.3404611958115653
5000,2026.0,83,5047108,9,0.018505634934391772,0.23593357478312985
5000,2026.0,84,5047109,11,0.042640547943229405,0.28545324727535026
5000,2026.0,85,5047110,9,0.033315063769749596,0.27618364699328646
5000,2026.0,86,5047111,8,0.0161350773263104,0.3053242339159614
5000,2026.0,87,5047112,8,0.023771431513396328,0.29684110219991094
5000,2026.0,88,5047113,8,0.012644471525432318,0.31322900629791695
5000,2026.0,89,5047114,8,0.011135486194444556,0.225850668501331
5000,2026.0,90,5047115,10,0.019624227395493733,0.2631897864630822
5000,2026.0,91,5047116,10,0.03416808324506926,0.29848765267189814
5000,2026.0,92,5047117,10,0.031364952414910385,0.18257271927759955
5000,2026.0,93,5047118,14,0.031676768330020255,0.19375730565057897
5000,2026.0,94,5047119,12,0.028858469823496817,0.26891510926507256
5000,2026.0,95,5047120,12,0.04658443575071027,0.1959114491318756
5000,2026.0,96,5047121,12,0.033931587784419834,0.22519664347712962
5000,2026.0,97,5047122,10,0.04089983508178121,0.24647152140855205
5000,2026.0,98,5047123,11,0.02867968413589079,0.2072197216389946
5000,2026.0,99,5047124,11,0.022420495982102336,0.16055336273550136
5000,2026.0,100,5047125,12,0.018815994900676914,0.1718942772506862
7341,,1,7407069,9,0.027381156976795773,0.3352834762875283
7341,,2,7407070,9,0.017081271435063786,0.2917021206040024
7341,,3,7407071,13,0.04108115269238,0.16500130371511812
7341,,4,7407072,6,0.011856752236303267,0.2901159226613434
7341,,5,7407073,7,0.02142310263099597,0.3351264683778368
7341,,6,7407074,13,0.04472369711901737,0.06799404772282222
7341,,7,7407075,12,0.040339841201791876,0.2132426297218571
7341,,8,7407076,11,0.023185157496124903,0.18165707472843032
7341,,9,7407077,7,0.012341205350369613,0.29634921822730503
7341,,10,7407078,12,0.02726845521202705,0.15613284769469585
7341,,11,7407079,10,0.00839062086807216,0.26115872560128306
7341,,12,7407080,9,0.03148694445687711,0.22536379188123495
7341,,13,7407081,15,0.048557723962800454,0.19053456620017056
7341,,14,7407082,11,0.042804858205108966,0.15505357570802908
7341,,15,7407083,9,0.02720477335096677,0.22599239079622196
7341,,16,7407084,12,0.028002022543211,0.22510022373498625
7341,,17,7407085,13,0.044229291395539376,0.1629077435198626
7341,,18,7407086,11,0.02889391815796169,0.161035474392013
7341,,19,7407087,11,0.04288294243685372,0.26694788038996337
7341,,20,7407088,8,0.010006276809970299,0.18631721508534108
7341,,21,7407089,7,0.01249521180909194,0.2772694386894974
7341,,22,7407090,12,0.030579321769865414,0.2279775000686247
7341,,23,7407091,11,0.030128618174237686,0.21469005099225794
7341,,24,7407092,11,0.02731713049336182,0.2254538464879412
7341,,25,7407093,10,0.0381162007530154,0.24906377094222298
7341,,26,7407094,14,0.03609774974766416,0.16048086568626643
7341,,27,7407095,10,0.02947905960177179,0.2172275104245318
7341,,28,7407096,12,0.05055783889312957,0.24543683880896552
7341,,29,7407097,11,0.04584114213860295,0.25109671098330316
7341,,30,7407098,13,0.029487676043287538,0.22149580140399938
7341,,31,7407099,8,0.006196097154289244,0.30275372200166956
7341,,32,7407100,9,0.031163446493663156,0.2499075780234016
7341,,33,7407101,11,0.05268753816990451,0.35915686811505554
7341,,34,7407102,12,0.017505245677871095,0.23728003447254048
7341,,35,7407103,10,0.020080562885301488,0.218888359294378
7341,,36,7407104,12,0.03637741625912734,0.27787796310684154
7341,,37,7407105,9,0.029308715333870528,0.27759607483893517
7341,,38,7407106,9,0.024575413492893234,0.17285821054266712
7341,,39,7407107,9,0.01905993514105222,0.30063330360965806
7341,,40,7407108,10,0.020086315589249143,0.18574105762859122
7341,,41,7407109,10,0.011666393805758573,0.25680780178842
7341,,42,7407110,9,0.021235200209825233,0.2436406225053532
7341,,43,7407111,10,0.023410546544765813,0.2334793776804797
7341,,44,7407112,12,0.02939762828520214,0.17511330500938532
7341,,45,7407113,13,0.04049897416574698,0.22264379427982012
7341,,46,7407114,11,0.024075702674945822,0.2705131788489992
7341,,47,7407115,13,0.03623330905912472,0.14276901322648822
7341,,48,7407116,13,0.02065674146163508,0.2613151583722235
7341,,49,7407117,10,0.03612728570646277,0.3542898778742988
7341,,50,7407118,10,0.029998318225930465,0.227822277117313
7341,,51,7407119,14,0.03785375450518352,0.19447962664282564
7341,,52,7407120,10,0.03637331584957948,0.3013320836923069
7341,,53,7407121,11,0.038533950200184075,0.21548336904002205
7341,,54,7407122,12,0.04648407138985722,0.25201578942727443
7341,,55,7407123,13,0.04220901292692038,0.19004079294060372
7341,,56,7407124,12,0.04387027784170635,0.2773436146182032
7341,,57,7407125,6,0.018142736358087226,0.3437026021018704
7341,,58,7407126,9,0.019458568967120983,0.3064775723444203
7341,,59,7407127,8,0.024251049525468398,0.338942177533503
7341,,60,7407128,8,0.021591299173609652,0.3975700351806757
7341,,61,7407129,8,0.014409022407497021,0.31582810434069
7341,,62,7407130,10,0.03297587586168051,0.28950255156486937
7341,,63,7407131,11,0.020695160034995597,0.24680980772587904
7341,,64,7407132,12,0.04837439998287651,0.27210907920607375
7341,,65,7407133,13,0.040666106430533665,0.24828503826911535
7341,,66,7407134,10,0.029209748336887005,0.24136296094681803
7341,,67,7407135,8,0.00990528139488396,0.2687654809188925
7341,,68,7407136,10,0.02458797452083438,0.23437817580254974
7341,,69,7407137,11,0.02751866293652771,0.20162238897712143
7341,,70,7407138,9,0.017269104898135372,0.257514752690051
7341,,71,7407139,13,0.03316903830690302,0.2788621000977934
7341,,72,7407140,7,0.027434161203757784,0.3062583052708061
7341,,73,7407141,11,0.033410206358992764,0.23265206640186
7341,,74,7407142,10,0.01810096243634863,0.17853532868091965
7341,,75,7407143,11,0.03768097557481563,0.2588712540662913
7341,,76,7407144,8,0.013359701640537019,0.2583106289593276
7341,,77,7407145,9,0.023607571332943122,0.331213531041134
7341,,78,7407146,7,0.01836181426668238,0.32389499477045197
7341,,79,7407147,9,0.006170890216991129,0.1938698481282829
7341,,80,7407148,10,0.023843983691135474,0.2367115614767314
7341,,81,7407149,11,0.028314872687545234,0.2539067544676876
7341,,82,7407150,9,0.020203977810666414,0.21999573249462467
7341,,83,7407151,11,0.017917011493416006,0.2512955465165859
7341,,84,7407152,8,0.018544534946698325,0.33330334799478567
7341,,85,7407153,8,0.021484788090345965,0.23338408725377313
7341,,86,7407154,8,0.029239051555199125,0.19407002991438033
7341,,87,7407155,10,0.023689169161305763,0.3045784661561234
7341,,88,7407156,11,0.02706875840899638,0.22432905424161245
7341,,89,7407157,13,0.04438024038249922,0.09392526954882921
7341,,90,7407158,15,0.03095751128488806,0.11748928182373974
7341,,91,7407159,14,0.05683031960055664,0.15877285952678039
7341,,92,7407160,13,0.029572188343054768,0.19068968099460426
7341,,93,7407161,11,0.04628803505494665,0.21990768804627875
7341,,94,7407162,7,0.014197678773463753,0.2963786226305282
7341,,95,7407163,9,0.03287201950121812,0.343157888417465
7341,,96,7407164,13,0.049607824226466965,0.19537068210238184
7341,,97,7407165,13,0.034234570887229344,0.14110235427845672
7341,,98,7407166,10,0.03169489961143882,0.2799520860743259
7341,,99,7407167,7,0.00979617755473271,0.28702921021298156
7341,,100,7407168,9,0.02313536192443755,0.2225067912982594
